series_id,title,frequency,units
A006RE1Q156NBEA,Shares of gross domestic product: Gross private domestic investment,Quarterly,Percent
A053RC1Q027SBEA,National income: Corporate profits before tax (without IVA and CCAdj),Quarterly,Billions of Dollars
A072RC1Q156SBEA,Personal saving as a percentage of disposable personal income,Quarterly,Percent
A091RC1Q027SBEA,Federal government current expenditures: Interest payments,Quarterly,Billions of Dollars
A191RI1Q225SBEA,Gross Domestic Product: Implicit Price Deflator,Quarterly,Percent Change from Preceding Period
A191RO1Q156NBEA,Real Gross Domestic Product,Quarterly,Percent Change from Quarter One Year Ago
A191RP1Q027SBEA,Gross Domestic Product,Quarterly,Percent Change from Preceding Period
A229RX0,Real Disposable Personal Income: Per Capita,Monthly,Chained 2017 Dollars
A261RL1Q225SBEA,Real Gross Domestic Income,Quarterly,Percent Change from Preceding Period
A31ANO,Manufacturers' New Orders: Iron and Steel Mills and Ferroalloy and Steel Product Manufacturing,Monthly,Millions of Dollars
A31SNO,Manufacturers' New Orders: Primary Metals,Monthly,Millions of Dollars
A32SNO,Manufacturers' New Orders: Fabricated Metal Products,Monthly,Millions of Dollars
A33CNO,Manufacturers' New Orders: Construction Machinery Manufacturing,Monthly,Millions of Dollars
A33SNO,Manufacturers' New Orders: Machinery,Monthly,Millions of Dollars
A34SNO,Manufacturers' New Orders: Computers and Electronic Products,Monthly,Millions of Dollars
A35SNO,"Manufacturers' New Orders: Electrical Equipment, Appliances and Components",Monthly,Millions of Dollars
A36SNO,Manufacturers' New Orders: Transportation Equipment,Monthly,Millions of Dollars
A37SNO,Manufacturers' New Orders: Furniture and Related Products,Monthly,Millions of Dollars
A792RC0Q052SBEA,Personal income per capita,Quarterly,Dollars
A939RC0Q052SBEA,Gross domestic product per capita,Quarterly,Dollars
A939RX0Q048SBEA,Real gross domestic product per capita,Quarterly,Chained 2017 Dollars
AAA,Moody's Seasoned Aaa Corporate Bond Yield,Monthly,Percent
AB1020AAAMT,"Total Value of Issues, with a Maturity Between 10 and 20 Days, Used in Calculating the AA Asset-Backed Commercial Paper Rates",Daily,Millions of Dollars
AB1020AAVOL,"Number of Issues, with a Maturity Between 10 and 20 Days, Used in Calculating the AA Asset-Backed Commercial Paper Rates",Daily,Number
AB14AAAMT,"Total Value of Issues, with a Maturity Between 1 and 4 Days, Used in Calculating the AA Asset-Backed Commercial Paper Rates",Daily,Millions of Dollars
AB14AAVOL,"Number of Issues, with a Maturity Between 1 and 4 Days, Used in Calculating the AA Asset-Backed Commercial Paper Rates",Daily,Number
AB2140AAAMT,"Total Value of Issues, with a Maturity Between 21 and 40 Days, Used in Calculating the AA Asset-Backed Commercial Paper Rates",Daily,Millions of Dollars
AB2140AAVOL,"Number of Issues, with a Maturity Between 21 and 40 Days, Used in Calculating the AA Asset-Backed Commercial Paper Rates",Daily,Number
AB4180AAAMT,"Total Value of Issues, with a Maturity Between 41 and 80 Days, Used in Calculating the AA Asset-Backed Commercial Paper Rates",Daily,Millions of Dollars
AB4180AAVOL,"Number of Issues, with a Maturity Between 41 and 80 Days, Used in Calculating the AA Asset-Backed Commercial Paper Rates",Daily,Number
AB59AAAMT,"Total Value of Issues, with a Maturity Between 5 and 9 Days, Used in Calculating the AA Asset-Backed Commercial Paper Rates",Daily,Millions of Dollars
AB59AAVOL,"Number of Issues, with a Maturity Between 5 and 9 Days, Used in Calculating the AA Asset-Backed Commercial Paper Rates",Daily,Number
ABGT80AAAMT,"Total Value of Issues, with a Maturity Greater Than 80 Days, Used in Calculating the AA Asset-Backed Commercial Paper Rates",Daily,Millions of Dollars
ABGT80AAVOL,"Number of Issues, with a Maturity Greater Than 80 Days, Used in Calculating the AA Asset-Backed Commercial Paper Rates",Daily,Number
ACDGNO,Manufacturers' New Orders: Consumer Durable Goods,Monthly,Millions of Dollars
ACMSNO,Manufacturers' New Orders: Construction Materials and Supplies,Monthly,Millions of Dollars
ACOGNO,Manufacturers' New Orders: Consumer Goods,Monthly,Millions of Dollars
ACTLISCOU12420,"Housing Inventory: Active Listing Count in Austin-Round Rock, TX (CBSA)",Monthly,Level
ACTLISCOU19100,"Housing Inventory: Active Listing Count in Dallas-Fort Worth-Arlington, TX (CBSA)",Monthly,Level
ACTLISCOU38060,"Housing Inventory: Active Listing Count in Phoenix-Mesa-Scottsdale, AZ (CBSA)",Monthly,Level
ACTLISCOUCA,Housing Inventory: Active Listing Count in California,Monthly,Level
ACTLISCOUFL,Housing Inventory: Active Listing Count in Florida,Monthly,Level
ACTLISCOUUS,Housing Inventory: Active Listing Count in the United States,Monthly,Level
ADEFNO,Manufacturers' New Orders: Defense Capital Goods,Monthly,Millions of Dollars
ADXDNO,Manufacturers' New Orders: Durable Goods Excluding Defense,Monthly,Millions of Dollars
ADXTNO,Manufacturers' New Orders: Durable Goods Excluding Transportation,Monthly,Millions of Dollars
AITINO,Manufacturers' New Orders: Information Technology Industries,Monthly,Millions of Dollars
AMTMNO,Manufacturers' New Orders: Total Manufacturing,Monthly,Millions of Dollars
AMTUNO,Manufacturers' New Orders: Manufacturing with Unfilled Orders,Monthly,Millions of Dollars
AMVPNO,Manufacturers' New Orders: Motor Vehicles and Parts,Monthly,Millions of Dollars
ANDENO,Manufacturers' New Orders: Nondefense Capital Goods,Monthly,Millions of Dollars
ANFCI,Chicago Fed Adjusted National Financial Conditions Index,"Weekly, Ending Friday",Index
ASPUS,Average Sales Price of Houses Sold for the United States,Quarterly,Dollars
ATCGNO,Manufacturers' New Orders: Capital Goods,Monthly,Millions of Dollars
BAA,Moody's Seasoned Baa Corporate Bond Yield,Monthly,Percent
BABANAICSRETSAUS,Business Applications: Retail Trade in the United States,Monthly,Number
BAMLC0A1CAAAEY,ICE BofA AAA US Corporate Index Effective Yield,"Daily, Close",Percent
BAMLC0A1CAAASYTW,ICE BofA AAA US Corporate Index Semi-Annual Yield to Worst,"Daily, Close",Percent
BAMLC0A2CAAEY,ICE BofA AA US Corporate Index Effective Yield,"Daily, Close",Percent
BAMLC0A2CAASYTW,ICE BofA AA US Corporate Index Semi-Annual Yield to Worst,"Daily, Close",Percent
BAMLC0A3CAEY,ICE BofA Single-A US Corporate Index Effective Yield,"Daily, Close",Percent
BAMLC0A3CASYTW,ICE BofA Single-A US Corporate Index Semi-Annual Yield to Worst,"Daily, Close",Percent
BAMLC0A4CBBBEY,ICE BofA BBB US Corporate Index Effective Yield,"Daily, Close",Percent
BAMLC0A4CBBBSYTW,ICE BofA BBB US Corporate Index Semi-Annual Yield to Worst,"Daily, Close",Percent
BAMLC1A0C13YEY,ICE BofA 1-3 Year US Corporate Index Effective Yield,"Daily, Close",Percent
BAMLC1A0C13YSYTW,ICE BofA 1-3 Year US Corporate Index Semi-Annual Yield to Worst,"Daily, Close",Percent
BAMLC2A0C35YEY,ICE BofA 3-5 Year US Corporate Index Effective Yield,"Daily, Close",Percent
BAMLC2A0C35YSYTW,ICE BofA 3-5 Year US Corporate Index Semi-Annual Yield to Worst,"Daily, Close",Percent
BAMLC3A0C57YEY,ICE BofA 5-7 Year US Corporate Index Effective Yield,"Daily, Close",Percent
BAMLC3A0C57YSYTW,ICE BofA 5-7 Year US Corporate Index Semi-Annual Yield to Worst,"Daily, Close",Percent
BAMLC4A0C710YEY,ICE BofA 7-10 Year US Corporate Index Effective Yield,"Daily, Close",Percent
BAMLC4A0C710YSYTW,ICE BofA 7-10 Year US Corporate Index Semi-Annual Yield to Worst,"Daily, Close",Percent
BAMLC7A0C1015YEY,ICE BofA 10-15 Year US Corporate Index Effective Yield,"Daily, Close",Percent
BAMLC7A0C1015YSYTW,ICE BofA 10-15 Year US Corporate Index Semi-Annual Yield to Worst,"Daily, Close",Percent
BAMLC8A0C15PYEY,ICE BofA 15+ Year US Corporate Index Effective Yield,"Daily, Close",Percent
BAMLC8A0C15PYSYTW,ICE BofA 15+ Year US Corporate Index Semi-Annual Yield to Worst,"Daily, Close",Percent
BAMLCC0A1AAATRIV,ICE BofA AAA US Corporate Index Total Return Index Value,"Daily, Close",Index
BAMLCC0A2AATRIV,ICE BofA AA US Corporate Index Total Return Index Value,"Daily, Close",Index
BAMLCC0A3ATRIV,ICE BofA Single-A US Corporate Index Total Return Index Value,"Daily, Close",Index
BAMLCC0A4BBBTRIV,ICE BofA BBB US Corporate Index Total Return Index Value,"Daily, Close",Index
BAMLCC1A013YTRIV,ICE BofA 1-3 Year US Corporate Index Total Return Index Value,"Daily, Close",Index
BAMLCC2A035YTRIV,ICE BofA 3-5 Year US Corporate Index Total Return Index Value,"Daily, Close",Index
BAMLCC3A057YTRIV,ICE BofA 5-7 Year US Corporate Index Total Return Index Value,"Daily, Close",Index
BAMLCC4A0710YTRIV,ICE BofA 7-10 Year US Corporate Index Total Return Index Value,"Daily, Close",Index
BAMLCC7A01015YTRIV,ICE BofA 10-15 Year US Corporate Index Total Return Index Value,"Daily, Close",Index
BAMLCC8A015PYTRIV,ICE BofA 15+ Year US Corporate Index Total Return Index Value,"Daily, Close",Index
BAMLEM1BRRAAA2ACRPIEY,ICE BofA AAA-A Emerging Markets Corporate Plus Index Effective Yield,Daily,Percent
BAMLEM1BRRAAA2ACRPISYTW,ICE BofA AAA-A Emerging Markets Corporate Plus Index Semi-Annual Yield to Worst,"Daily, Close",Percent
BAMLEM1BRRAAA2ACRPITRIV,ICE BofA AAA-A Emerging Markets Corporate Plus Index Total Return Index Value,Daily,Index
BAMLEM1RAAA2ALCRPIUSEY,ICE BofA AAA-A US Emerging Markets Liquid Corporate Plus Index Effective Yield,Daily,Percent
BAMLEM1RAAA2ALCRPIUSSYTW,ICE BofA AAA-A US Emerging Markets Liquid Corporate Plus Index Semi-Annual Yield to Worst,"Daily, Close",Percent
BAMLEM1RAAA2ALCRPIUSTRIV,ICE BofA AAA-A US Emerging Markets Liquid Corporate Plus Index Total Return Index Value,Daily,Index
BAMLEM2BRRBBBCRPIEY,ICE BofA BBB Emerging Markets Corporate Plus Index Effective Yield,Daily,Percent
BAMLEM2BRRBBBCRPISYTW,ICE BofA BBB Emerging Markets Corporate Plus Index Semi-Annual Yield to Worst,"Daily, Close",Percent
BAMLEM2BRRBBBCRPITRIV,ICE BofA BBB Emerging Markets Corporate Plus Index Total Return Index Value,Daily,Index
BAMLEM2RBBBLCRPIUSEY,ICE BofA BBB US Emerging Markets Liquid Corporate Plus Index Effective Yield,Daily,Percent
BAMLEM2RBBBLCRPIUSSYTW,ICE BofA BBB US Emerging Markets Liquid Corporate Plus Index Semi-Annual Yield to Worst,"Daily, Close",Percent
BAMLEM2RBBBLCRPIUSTRIV,ICE BofA BBB US Emerging Markets Liquid Corporate Plus Index Total Return Index Value,Daily,Index
BAMLEM3BRRBBCRPIEY,ICE BofA BB Emerging Markets Corporate Plus Index Effective Yield,Daily,Percent
BAMLEM3BRRBBCRPISYTW,ICE BofA BB Emerging Markets Corporate Plus Index Semi-Annual Yield to Worst,"Daily, Close",Percent
BAMLEM3BRRBBCRPITRIV,ICE BofA BB Emerging Markets Corporate Plus Index Total Return Index Value,Daily,Index
BAMLEM3RBBLCRPIUSEY,ICE BofA BB US Emerging Markets Liquid Corporate Plus Index Effective Yield,Daily,Percent
BAMLEM3RBBLCRPIUSSYTW,ICE BofA BB US Emerging Markets Liquid Corporate Plus Index Semi-Annual Yield to Worst,"Daily, Close",Percent
BAMLEM3RBBLCRPIUSTRIV,ICE BofA BB US Emerging Markets Liquid Corporate Plus Index Total Return Index Value,Daily,Index
BAMLEM4BRRBLCRPIEY,ICE BofA B & Lower Emerging Markets Corporate Plus Index Effective Yield,Daily,Percent
BAMLEM4BRRBLCRPISYTW,ICE BofA B & Lower Emerging Markets Corporate Plus Index Semi-Annual Yield to Worst,"Daily, Close",Percent
BAMLEM4BRRBLCRPITRIV,ICE BofA B & Lower Emerging Markets Corporate Plus Index Total Return Index Value,Daily,Index
BAMLEM4RBLLCRPIUSEY,ICE BofA B & Lower US Emerging Markets Liquid Corporate Plus Index Effective Yield,Daily,Percent
BAMLEM4RBLLCRPIUSSYTW,ICE BofA B & Lower US Emerging Markets Liquid Corporate Plus Index Semi-Annual Yield to Worst,"Daily, Close",Percent
BAMLEM4RBLLCRPIUSTRIV,ICE BofA B & Lower US Emerging Markets Liquid Corporate Plus Index Total Return Index Value,Daily,Index
BAMLEM5BCOCRPIEY,ICE BofA Crossover Emerging Markets Corporate Plus Index Effective Yield,Daily,Percent
BAMLEM5BCOCRPISYTW,ICE BofA Crossover Emerging Markets Corporate Plus Index Semi-Annual Yield to Worst,"Daily, Close",Percent
BAMLEM5BCOCRPITRIV,ICE BofA Crossover Emerging Markets Corporate Plus Index Total Return Index Value,Daily,Index
BAMLEMALLCRPIASIAUSEY,ICE BofA Asia US Emerging Markets Liquid Corporate Plus Index Effective Yield,Daily,Percent
BAMLEMALLCRPIASIAUSSYTW,ICE BofA Asia US Emerging Markets Liquid Corporate Plus Index Semi-Annual Yield to Worst,"Daily, Close",Percent
BAMLEMALLCRPIASIAUSTRIV,ICE BofA Asia US Emerging Markets Liquid Corporate Plus Index Total Return Index Value,Daily,Index
BAMLEMEBCRPIEEY,ICE BofA Euro Emerging Markets Corporate Plus Index Effective Yield,Daily,Percent
BAMLEMEBCRPIESYTW,ICE BofA Euro Emerging Markets Corporate Plus Index Semi-Annual Yield to Worst,"Daily, Close",Percent
BAMLEMEBCRPIETRIV,ICE BofA Euro Emerging Markets Corporate Plus Index Total Return Index Value,Daily,Index
BAMLEMELLCRPIEMEAUSEY,ICE BofA EMEA US Emerging Markets Liquid Corporate Plus Index Effective Yield,Daily,Percent
BAMLEMELLCRPIEMEAUSSYTW,ICE BofA EMEA US Emerging Markets Liquid Corporate Plus Index Semi-Annual Yield to Worst,"Daily, Close",Percent
BAMLEMELLCRPIEMEAUSTRIV,ICE BofA EMEA US Emerging Markets Liquid Corporate Plus Index Total Return Index Value,Daily,Index
BAMLEMFLFLCRPIUSEY,ICE BofA Financial US Emerging Markets Liquid Corporate Plus Index Effective Yield,Daily,Percent
BAMLEMFLFLCRPIUSSYTW,ICE BofA Financial US Emerging Markets Liquid Corporate Plus Index Semi-Annual Yield to Worst,"Daily, Close",Percent
BAMLEMFLFLCRPIUSTRIV,ICE BofA Financial US Emerging Markets Liquid Corporate Plus Index Total Return Index Value,Daily,Index
BAMLEMFSFCRPIEY,ICE BofA Private Sector Financial Emerging Markets Corporate Plus Index Effective Yield,Daily,Percent
BAMLEMFSFCRPISYTW,ICE BofA Private Sector Financial Emerging Markets Corporate Plus Index Semi-Annual Yield to Worst,"Daily, Close",Percent
BAMLEMFSFCRPITRIV,ICE BofA Private Sector Financial Emerging Markets Corporate Plus Index Total Return Index Value,Daily,Index
BAMLEMHBHYCRPIEY,ICE BofA High Yield Emerging Markets Corporate Plus Index Effective Yield,Daily,Percent
BAMLEMHBHYCRPISYTW,ICE BofA High Yield Emerging Markets Corporate Plus Index Semi-Annual Yield to Worst,"Daily, Close",Percent
BAMLEMHBHYCRPITRIV,ICE BofA High Yield Emerging Markets Corporate Plus Index Total Return Index Value,Daily,Index
BAMLEMHGHGLCRPIUSEY,ICE BofA High Grade US Emerging Markets Liquid Corporate Plus Index Effective Yield,Daily,Percent
BAMLEMHGHGLCRPIUSSYTW,ICE BofA High Grade US Emerging Markets Liquid Corporate Plus Index Semi-Annual Yield to Worst,"Daily, Close",Percent
BAMLEMHGHGLCRPIUSTRIV,ICE BofA High Grade US Emerging Markets Liquid Corporate Plus Index Total Return Index Value,Daily,Index
BAMLEMHYHYLCRPIUSEY,ICE BofA High Yield US Emerging Markets Liquid Corporate Plus Index Effective Yield,Daily,Percent
BAMLEMHYHYLCRPIUSSYTW,ICE BofA High Yield US Emerging Markets Liquid Corporate Plus Index Semi-Annual Yield to Worst,"Daily, Close",Percent
BAMLEMHYHYLCRPIUSTRIV,ICE BofA High Yield US Emerging Markets Liquid Corporate Plus Index Total Return Index Value,Daily,Index
BAMLEMIBHGCRPIEY,ICE BofA High Grade Emerging Markets Corporate Plus Index Effective Yield,Daily,Percent
BAMLEMIBHGCRPISYTW,ICE BofA High Grade Emerging Markets Corporate Plus Index Semi-Annual Yield to Worst,"Daily, Close",Percent
BAMLEMIBHGCRPITRIV,ICE BofA High Grade Emerging Markets Corporate Plus Index Total Return Index Value,Daily,Index
BAMLEMLLLCRPILAUSEY,ICE BofA Latin America US Emerging Markets Liquid Corporate Plus Index Effective Yield,Daily,Percent
BAMLEMLLLCRPILAUSSYTW,ICE BofA Latin America US Emerging Markets Liquid Corporate Plus Index Semi-Annual Yield to Worst,"Daily, Close",Percent
BAMLEMLLLCRPILAUSTRIV,ICE BofA Latin America US Emerging Markets Liquid Corporate Plus Index Total Return Index Value,Daily,Index
BAMLEMNFNFLCRPIUSEY,ICE BofA Non-Financial US Emerging Markets Liquid Corporate Plus Index Effective Yield,Daily,Percent
BAMLEMNFNFLCRPIUSSYTW,ICE BofA Non-Financial US Emerging Markets Liquid Corporate Plus Index Semi-Annual Yield to Worst,"Daily, Close",Percent
BAMLEMNFNFLCRPIUSTRIV,ICE BofA Non-Financial US Emerging Markets Liquid Corporate Plus Index Total Return Index Value,Daily,Index
BAMLEMNSNFCRPIEY,ICE BofA Non-Financial Emerging Markets Corporate Plus Index Effective Yield,Daily,Percent
BAMLEMNSNFCRPISYTW,ICE BofA Non-Financial Emerging Markets Corporate Plus Index Semi-Annual Yield to Worst,"Daily, Close",Percent
BAMLEMNSNFCRPITRIV,ICE BofA Non-Financial Emerging Markets Corporate Plus Index Total Return Index Value,Daily,Index
BAMLEMPBPUBSICRPIEY,ICE BofA Public Sector Issuers Emerging Markets Corporate Plus Index Effective Yield,Daily,Percent
BAMLEMPBPUBSICRPISYTW,ICE BofA Public Sector Issuers Emerging Markets Corporate Plus Index Semi-Annual Yield to Worst,"Daily, Close",Percent
BAMLEMPBPUBSICRPITRIV,ICE BofA Public Sector Issuers Emerging Markets Corporate Plus Index Total Return Index Value,Daily,Index
BAMLEMPTPRVICRPIEY,ICE BofA Private Sector Issuers Emerging Markets Corporate Plus Index Effective Yield,Daily,Percent
BAMLEMPTPRVICRPISYTW,ICE BofA Private Sector Issuers Emerging Markets Corporate Plus Index Semi-Annual Yield to Worst,"Daily, Close",Percent
BAMLEMPTPRVICRPITRIV,ICE BofA Private Sector Issuers Emerging Markets Corporate Plus Index Total Return Index Value,Daily,Index
BAMLEMPUPUBSLCRPIUSEY,ICE BofA Public Sector Issuers US Emerging Markets Liquid Corporate Plus Index Effective Yield,Daily,Percent
BAMLEMPUPUBSLCRPIUSSYTW,ICE BofA Public Sector Issuers US Emerging Markets Liquid Corporate Plus Index Semi-Annual Yield to Worst,"Daily, Close",Percent
BAMLEMPUPUBSLCRPIUSTRIV,ICE BofA Public Sector Issuers US Emerging Markets Liquid Corporate Plus Index Total Return Index Value,Daily,Index
BAMLEMPVPRIVSLCRPIUSEY,ICE BofA Private Sector Issuers US Emerging Markets Liquid Corporate Plus Index Effective Yield,Daily,Percent
BAMLEMPVPRIVSLCRPIUSSYTW,ICE BofA Private Sector Issuers US Emerging Markets Liquid Corporate Plus Index Semi-Annual Yield to Worst,"Daily, Close",Percent
BAMLEMPVPRIVSLCRPIUSTRIV,ICE BofA Private Sector Issuers US Emerging Markets Liquid Corporate Plus Index Total Return Index Value,Daily,Index
BAMLEMRACRPIASIAEY,ICE BofA Asia Emerging Markets Corporate Plus Index Effective Yield,Daily,Percent
BAMLEMRACRPIASIASYTW,ICE BofA Asia Emerging Markets Corporate Plus Index Semi-Annual Yield to Worst,"Daily, Close",Percent
BAMLEMRACRPIASIATRIV,ICE BofA Asia Emerging Markets Corporate Plus Index Total Return Index Value,Daily,Index
BAMLEMRECRPIEMEAEY,ICE BofA EMEA Emerging Markets Corporate Plus Index Effective Yield,Daily,Percent
BAMLEMRECRPIEMEASYTW,ICE BofA EMEA Emerging Markets Corporate Plus Index Semi-Annual Yield to Worst,"Daily, Close",Percent
BAMLEMRECRPIEMEATRIV,ICE BofA EMEA Emerging Markets Corporate Plus Index Total Return Index Value,Daily,Index
BAMLEMRLCRPILAEY,ICE BofA Latin America Emerging Markets Corporate Plus Index Effective Yield,Daily,Percent
BAMLEMRLCRPILASYTW,ICE BofA Latin America Emerging Markets Corporate Plus Index Semi-Annual Yield to Worst,"Daily, Close",Percent
BAMLEMRLCRPILATRIV,ICE BofA Latin America Emerging Markets Corporate Plus Index Total Return Index Value,Daily,Index
BAMLEMUBCRPIUSEY,ICE BofA US Emerging Markets Corporate Plus Index Effective Yield,Daily,Percent
BAMLEMUBCRPIUSSYTW,ICE BofA US Emerging Markets Corporate Plus Index Semi-Annual Yield to Worst,"Daily, Close",Percent
BAMLEMUBCRPIUSTRIV,ICE BofA US Emerging Markets Corporate Plus Index Total Return Index Value,Daily,Index
BAMLEMXOCOLCRPIUSEY,ICE BofA Crossover US Emerging Markets Liquid Corporate Plus Index Effective Yield,Daily,Percent
BAMLEMXOCOLCRPIUSSYTW,ICE BofA Crossover US Emerging Markets Liquid Corporate Plus Index Semi-Annual Yield to Worst,"Daily, Close",Percent
BAMLEMXOCOLCRPIUSTRIV,ICE BofA Crossover US Emerging Markets Liquid Corporate Plus Index Total Return Index Value,Daily,Index
BAMLH0A1HYBBEY,ICE BofA BB US High Yield Index Effective Yield,"Daily, Close",Percent
BAMLH0A1HYBBSYTW,ICE BofA BB US High Yield Index Semi-Annual Yield to Worst,"Daily, Close",Percent
BAMLH0A2HYBEY,ICE BofA Single-B US High Yield Index Effective Yield,"Daily, Close",Percent
BAMLH0A2HYBSYTW,ICE BofA Single-B US High Yield Index Semi-Annual Yield to Worst,"Daily, Close",Percent
BAMLH0A3HYCEY,ICE BofA CCC & Lower US High Yield Index Effective Yield,"Daily, Close",Percent
BAMLH0A3HYCSYTW,ICE BofA CCC & Lower US High Yield Index Semi-Annual Yield to Worst,"Daily, Close",Percent
BAMLHYH0A1BBTRIV,ICE BofA BB US High Yield Index Total Return Index Value,"Daily, Close",Index
BAMLHYH0A2BTRIV,ICE BofA Single-B US High Yield Index Total Return Index Value,"Daily, Close",Index
BAMLHYH0A3CMTRIV,ICE BofA CCC & Lower US High Yield Index Total Return Index Value,"Daily, Close",Index
BOGMBASE,Monetary Base: Total,Monthly,Billions of Dollars
BOGMBBM,Monetary Base: Reserve Balances,Monthly,Billions of Dollars
BOGZ1FL153064486Q,"Households and Nonprofit Organizations; Directly and Indirectly Held Corporate Equities as a Percentage of Financial Assets; Assets, Level",Quarterly,Percent
BOGZ1FL193020005Q,"Households; Checkable Deposits and Currency; Asset, Level",Quarterly,Millions of Dollars
BOPGSTB,"Trade Balance: Goods and Services, Balance of Payments Basis",Monthly,Millions of Dollars
BOXRSA,S&P CoreLogic Case-Shiller MA-Boston Home Price Index,Monthly,Index Jan 2000=100
BUS5412TAXABL144QNSA,"Revenue from Businesses for Accounting, Tax Preparation, Bookkeeping, and Payroll Services, Establishments Subject to Federal Income Tax",Quarterly,Millions of Dollars
BUSINV,Total Business Inventories,"Monthly, End of Period",Millions of Dollars
BUSLOANS,"Commercial and Industrial Loans, All Commercial Banks",Monthly,Billions of U.S. Dollars
CARACBW027SBOG,"Consumer Loans: Other Consumer Loans: Automobile Loans, All Commercial Banks",Weekly,Billions of U.S. Dollars
CASACBW027SBOG,"Cash Assets, All Commercial Banks","Weekly, Ending Wednesday",Billions of U.S. Dollars
CASTHPI,All-Transactions House Price Index for California,Quarterly,Index 1980:Q1=100
CBBCHUSD,Coinbase Bitcoin Cash,"Daily, 7-Day",U.S. Dollars
CBBTCUSD,Coinbase Bitcoin,"Daily, 7-Day",U.S. Dollars
CBETHUSD,Coinbase Ethereum,"Daily, 7-Day",U.S. Dollars
CBLTCUSD,Coinbase Litecoin,"Daily, 7-Day",U.S. Dollars
CCLACBW027SBOG,"Consumer Loans: Credit Cards and Other Revolving Plans, All Commercial Banks","Weekly, Ending Wednesday",Billions of U.S. Dollars
CDSP,Consumer Debt Service Payments as a Percent of Disposable Personal Income,Quarterly,Percent
CFNAI,Chicago Fed National Activity Index,Monthly,Index
CHXRSA,S&P CoreLogic Case-Shiller IL-Chicago Home Price Index,Monthly,Index Jan 2000=100
CIVPART,Labor Force Participation Rate,Monthly,Percent
CLF16OV,Civilian Labor Force Level,Monthly,Thousands of Persons
CLVMNACSCAB1GQDE,Real Gross Domestic Product for Germany,Quarterly,Millions of Chained 2010 Euros
CLVMNACSCAB1GQFR,Real Gross Domestic Product for France,Quarterly,Millions of Chained 2010 Euros
CLVMNACSCAB1GQIT,Real Gross Domestic Product for Italy,Quarterly,Millions of Chained 2010 Euros
CNP16OV,Population Level,Monthly,Thousands of Persons
COLCP040100GYQ,"Consumer Price Indices (CPIs, HICPs), COICOP 1999: Consumer Price Index: Actual Rentals for Housing for Colombia",Quarterly,Growth rate same period previous year
COMPUTSA,New Privately-Owned Housing Units Completed: Total Units,Monthly,Thousands of Units
COMREPUSQ159N,Commercial Real Estate Prices for United States,Quarterly,Percent Change from Year Ago
CONSUMER,"Consumer Loans, All Commercial Banks",Monthly,Billions of U.S. Dollars
CORCCACBS,"Charge-Off Rate on Credit Card Loans, All Commercial Banks",Quarterly,Percent
CP,Corporate Profits After Tax (without IVA and CCAdj),Quarterly,Billions of Dollars
CREACBM027NBOG,"Real Estate Loans: Commercial Real Estate Loans, All Commercial Banks",Monthly,Billions of U.S. Dollars
CREACBW027SBOG,"Real Estate Loans: Commercial Real Estate Loans, All Commercial Banks","Weekly, Ending Wednesday",Billions of U.S. Dollars
CSUSHPINSA,S&P CoreLogic Case-Shiller U.S. National Home Price Index,Monthly,Index Jan 2000=100
CSUSHPISA,S&P CoreLogic Case-Shiller U.S. National Home Price Index,Monthly,Index Jan 2000=100
CURRCIR,Currency in Circulation,Monthly,Billions of Dollars
CURRSL,Currency Component of M1,Monthly,Billions of Dollars
DAAA,Moody's Seasoned Aaa Corporate Bond Yield,Daily,Percent
DAXRNSA,S&P CoreLogic Case-Shiller TX-Dallas Home Price Index,Monthly,Index Jan 2000=100
DBAA,Moody's Seasoned Baa Corporate Bond Yield,Daily,Percent
DCOILBRENTEU,Crude Oil Prices: Brent - Europe,Daily,Dollars per Barrel
DCOILWTICO,"Crude Oil Prices: West Texas Intermediate (WTI) - Cushing, Oklahoma",Daily,Dollars per Barrel
DDFUELLA,Ultra-Low-Sulfur No. 2 Diesel Fuel Prices: Los Angeles,Daily,Dollars per Gallon
DDFUELNYH,Ultra-Low-Sulfur No. 2 Diesel Fuel Prices: New York Harbor,Daily,Dollars per Gallon
DDFUELUSGULF,Ultra-Low-Sulfur No. 2 Diesel Fuel Prices: U.S. Gulf Coast,Daily,Dollars per Gallon
DGASNYH,"Conventional Gasoline Prices: New York Harbor, Regular",Daily,Dollars per Gallon
DGASUSGULF,"Conventional Gasoline Prices: U.S. Gulf Coast, Regular",Daily,Dollars per Gallon
DGDSRX1,Real Personal Consumption Expenditures: Goods,Monthly,Billions of Chained 2017 Dollars
DGORDER,Manufacturers' New Orders: Durable Goods,Monthly,Millions of Dollars
DHHNGSP,Henry Hub Natural Gas Spot Price,Daily,Dollars per Million BTU
DHOILNYH,No. 2 Heating Oil Prices: New York Harbor,Daily,Dollars per Gallon
DJCA,Dow Jones Composite Average,"Daily, Close",Index
DJFUELUSGULF,Kerosene-Type Jet Fuel Prices: U.S. Gulf Coast,Daily,Dollars per Gallon
DJIA,Dow Jones Industrial Average,"Daily, Close",Index
DJTA,Dow Jones Transportation Average,"Daily, Close",Index
DJUA,Dow Jones Utility Average,"Daily, Close",Index
DNXRSA,S&P CoreLogic Case-Shiller CO-Denver Home Price Index,Monthly,Index Jan 2000=100
DPCCRV1Q225SBEA,Personal Consumption Expenditures (PCE) Excluding Food and Energy (Chain-Type Price Index),Quarterly,Percent Change from Preceding Period
DPCERD3Q086SBEA,Personal consumption expenditures (implicit price deflator),Quarterly,Index 2017=100
DPCERE1Q156NBEA,Shares of gross domestic product: Personal consumption expenditures,Quarterly,Percent
DPRIME,Bank Prime Loan Rate,Daily,Percent
DPROPANEMBTX,"Propane Prices: Mont Belvieu, Texas",Daily,Dollars per Gallon
DPSACBW027SBOG,"Deposits, All Commercial Banks","Weekly, Ending Wednesday",Billions of U.S. Dollars
DRALACBN,"Delinquency Rate on All Loans, All Commercial Banks","Quarterly, End of Period",Percent
DRALACBS,"Delinquency Rate on All Loans, All Commercial Banks","Quarterly, End of Period",Percent
DRBLACBS,"Delinquency Rate on Business Loans, All Commercial Banks","Quarterly, End of Period",Percent
DRCCLACBS,"Delinquency Rate on Credit Card Loans, All Commercial Banks","Quarterly, End of Period",Percent
DRCCLOBS,"Delinquency Rate on Credit Card Loans, Banks Not Among the 100 Largest in Size by Assets","Quarterly, End of Period",Percent
DRCCLT100S,"Delinquency Rate on Credit Card Loans, Banks Ranked 1st to 100th Largest in Size by Assets","Quarterly, End of Period",Percent
DRCLACBS,"Delinquency Rate on Consumer Loans, All Commercial Banks","Quarterly, End of Period",Percent
DRCRELEXFACBS,"Delinquency Rate on Commercial Real Estate Loans (Excluding Farmland), Booked in Domestic Offices, All Commercial Banks","Quarterly, End of Period",Percent
DRGASLA,Reformulated Gasoline Blendstock for Oxygenate Blending (RBOB) Prices: Regular Gasoline: Los Angeles,Daily,Dollars per Gallon
DRSFRMACBS,"Delinquency Rate on Single-Family Residential Mortgages, Booked in Domestic Offices, All Commercial Banks","Quarterly, End of Period",Percent
DRSREACBS,"Delinquency Rate on Loans Secured by Real Estate, All Commercial Banks","Quarterly, End of Period",Percent
DRTSCILM,Net Percentage of Domestic Banks Tightening Standards for Commercial and Industrial Loans to Large and Middle-Market Firms,Quarterly,Percent
DRTSCIS,Net Percentage of Domestic Banks Tightening Standards for Commercial and Industrial Loans to Small Firms,Quarterly,Percent
DRTSCLCC,Net Percentage of Domestic Banks Tightening Standards for Credit Card Loans,Quarterly,Percent
DSPI,Disposable Personal Income,Monthly,Billions of Dollars
DSPIC96,Real Disposable Personal Income,Monthly,Billions of Chained 2017 Dollars
DTWEXAFEGS,Nominal Advanced Foreign Economies U.S. Dollar Index,Daily,Index Jan 2006=100
DTWEXBGS,Nominal Broad U.S. Dollar Index,Daily,Index Jan 2006=100
DTWEXEMEGS,Nominal Emerging Market Economies U.S. Dollar Index,Daily,Index Jan 2006=100
ECBASSETSW,Central Bank Assets for Euro Area (11-19 Countries),Weekly,Millions of Euros
ECBDFR,ECB Deposit Facility Rate for Euro Area,"Daily, 7-Day",Percent
ECBESTRNUMACTBANKS,Euro Short-Term Rate: Number of Active Banks,Daily,Number
ECBESTRNUMTRANS,Euro Short-Term Rate: Number of Transactions,Daily,Number
ECBESTRRT25THPCTVOL,Euro Short-Term Rate: Rate at 25th Percentile of Volume,Daily,Percent
ECBESTRRT75THPCTVOL,Euro Short-Term Rate: Rate at 75th Percentile of Volume,Daily,Percent
ECBESTRSHRVOL5LRGACTBNK,Euro Short-Term Rate: Share of Volume of the 5 Largest Active Banks,Daily,Percent
ECBESTRTOTVOL,Euro Short-Term Rate: Total Volume,Daily,Millions of Euro
ECBESTRVOLWGTTRMDMNRT,Euro Short-Term Rate: Volume-Weighted Trimmed Mean Rate,Daily,Percent
ECBMLFR,ECB Marginal Lending Facility Rate for Euro Area,"Daily, 7-Day",Percent
ECOMPCTSA,E-Commerce Retail Sales as a Percent of Total Sales,Quarterly,Percent
ECOMSA,E-Commerce Retail Sales,Quarterly,Millions of Dollars
ETOTALUSQ176N,Housing Inventory Estimate: Total Housing Units in the United States,Quarterly,Thousands of Units
EXHOSLUSM495S,Existing Home Sales,Monthly,Number of Units
EXPGS,Exports of Goods and Services,Quarterly,Billions of Dollars
EXSFHSUSM495S,Existing Single-Family Home Sales,Monthly,Number of Units
FEDMINNFRWG,Federal Minimum Hourly Wage for Nonfarm Workers for the United States,Monthly,Dollars per Hour
FGEXPND,Federal Government: Current Expenditures,Quarterly,Billions of Dollars
FIN1020AAAMT,"Total Value of Issues, with a Maturity Between 10 and 20 Days, Used in Calculating the AA Financial Commercial Paper Rates",Daily,Millions of Dollars
FIN1020AAVOL,"Number of Issues, with a Maturity Between 10 and 20 Days, Used in Calculating the AA Financial Commercial Paper Rates",Daily,Number
FIN14AAAMT,"Total Value of Issues, with a Maturity Between 1 and 4 Days, Used in Calculating the AA Financial Commercial Paper Rates",Daily,Millions of Dollars
FIN14AAVOL,"Number of Issues, with a Maturity Between 1 and 4 Days, Used in Calculating the AA Financial Commercial Paper Rates",Daily,Number
FIN2140AAAMT,"Total Value of Issues, with a Maturity Between 21 and 40 Days, Used in Calculating the AA Financial Commercial Paper Rates",Daily,Millions of Dollars
FIN2140AAVOL,"Number of Issues, with a Maturity Between 21 and 40 Days, Used in Calculating the AA Financial Commercial Paper Rates",Daily,Number
FIN4180AAAMT,"Total Value of Issues, with a Maturity Between 41 and 80 Days, Used in Calculating the AA Financial Commercial Paper Rates",Daily,Millions of Dollars
FIN4180AAVOL,"Number of Issues, with a Maturity Between 41 and 80 Days, Used in Calculating the AA Financial Commercial Paper Rates",Daily,Number
FIN59AAAMT,"Total Value of Issues, with a Maturity Between 5 and 9 Days, Used in Calculating the AA Financial Commercial Paper Rates",Daily,Millions of Dollars
FIN59AAVOL,"Number of Issues, with a Maturity Between 5 and 9 Days, Used in Calculating the AA Financial Commercial Paper Rates",Daily,Number
FINGT80AAAMT,"Total Value of Issues, with a Maturity Greater Than 80 Days, Used in Calculating the AA Financial Commercial Paper Rates",Daily,Millions of Dollars
FINGT80AAVOL,"Number of Issues, with a Maturity Greater Than 80 Days, Used in Calculating the AA Financial Commercial Paper Rates",Daily,Number
FIXHAI,Housing Affordability Index (Fixed),Monthly,Index
FLSTHPI,All-Transactions House Price Index for Florida,Quarterly,Index 1980:Q1=100
FRGSHPUSM649NCIS,Cass Freight Index: Shipments,Monthly,Index Jan 1990=1
GCEC1,Real Government Consumption Expenditures and Gross Investment,Quarterly,Billions of Chained 2017 Dollars
GDPA,Gross Domestic Product,Annual,Billions of Dollars
GDPC1CTM,"FOMC Summary of Economic Projections for the Growth Rate of Real Gross Domestic Product, Central Tendency, Midpoint",Annual,Fourth Quarter to Fourth Quarter Percent Change
GDPCA,Real Gross Domestic Product,Annual,Billions of Chained 2017 Dollars
GDPDEF,Gross Domestic Product: Implicit Price Deflator,Quarterly,Index 2017=100
GFDEBTN,Federal Debt: Total Public Debt,"Quarterly, End of Period",Millions of Dollars
GNP,Gross National Product,Quarterly,Billions of Dollars
GOV5412TAXABL144QNSA,"Revenue from Governments for Accounting, Tax Preparation, Bookkeeping, and Payroll Services, Establishments Subject to Federal Income Tax",Quarterly,Millions of Dollars
GOV5412TAXABL157QNSA,"Revenue from Governments for Accounting, Tax Preparation, Bookkeeping, and Payroll Services, Establishments Subject to Federal Income Tax",Quarterly,Percent Change
GPDI,Gross Private Domestic Investment,Quarterly,Billions of Dollars
GPDIC1,Real Gross Private Domestic Investment,Quarterly,Billions of Chained 2017 Dollars
GPSAVE,Gross Private Saving,Quarterly,Billions of Dollars
GVZCLS,CBOE Gold ETF Volatility Index,"Daily, Close",Index
H41RESPPALDJNWW,"Assets: Liquidity and Credit Facilities: Loans, Net: Payroll Protection Program Liquidity Facility: Wednesday Level","Weekly, As of Wednesday",Millions of U.S. Dollars
H41RESPPALDJXAWNWW,"Assets: Liquidity and Credit Facilities: Loans, Net: Payroll Protection Program Liquidity Facility: Week Average","Weekly, Ending Wednesday",Millions of U.S. Dollars
H41RESPPALDJXAWXCH1NWW,"Assets: Liquidity and Credit Facilities: Loans, Net: Payroll Protection Program Liquidity Facility: Change in Week Average from Previous Week Average","Weekly, Ending Wednesday",Millions of U.S. Dollars
H41RESPPALDJXAWXCH52NWW,"Assets: Liquidity and Credit Facilities: Loans, Net: Payroll Protection Program Liquidity Facility: Change in Week Average from Year Ago Week Average","Weekly, Ending Wednesday",Millions of U.S. Dollars
H41RESPPALDKNWW,"Assets: Liquidity and Credit Facilities: Loans: Bank Term Funding Program, Net: Wednesday Level",Weekly,Millions of U.S. Dollars
H41RESPPALDKXAWNWW,"Assets: Liquidity and Credit Facilities: Loans: Bank Term Funding Program, Net: Week Average",Weekly,Millions of U.S. Dollars
HHD5412TAXABL144QNSA,"Revenue from Households for Accounting, Tax Preparation, Bookkeeping, and Payroll Services, Establishments Subject to Federal Income Tax",Quarterly,Millions of Dollars
HOSINVUSM495N,Existing Home Sales: Housing Inventory,Monthly,Number of Units
HOSMEDUSM052N,Median Sales Price of Existing Homes,Monthly,Dollars
HOSSUPUSM673N,Existing Home Sales: Months Supply,Monthly,Months' Supply
HOUST,New Privately-Owned Housing Units Started: Total Units,Monthly,Thousands of Units
HOUST1F,New Privately-Owned Housing Units Started: Single-Family Units,Monthly,Thousands of Units
HOUST5F,New Privately-Owned Housing Units Started: Units in Buildings with 5 Units or More,Monthly,Thousands of Units
HSFMEDUSM052N,Median Sales Price of Existing Single-Family Homes,Monthly,Dollars
HSN1F,New One Family Houses Sold: United States,Monthly,Thousands
IEABC,Balance on current account,Quarterly,Millions of Dollars
IMPCH,U.S. Imports of Goods by Customs Basis from China,Monthly,Millions of Dollars
IMPGS,Imports of Goods and Services,Quarterly,Billions of Dollars
INDPRO,Industrial Production: Total Index,Monthly,Index 2017=100
INFECTDISEMVTRACKD,Equity Market Volatility: Infectious Disease Tracker,"Daily, 7-Day",Index
IPMAN,Industrial Production: Manufacturing (NAICS),Monthly,Index 2017=100
IPUMN54121L000000000,"Labor Productivity for Professional, Scientific, and Technical Services: Accounting, Tax Preparation, Bookkeeping, and Payroll Services (NAICS 54121) in the United States",Annual,Index 2017=100
IPUMN54121L001000000,"Labor Productivity for Professional, Scientific, and Technical Services: Accounting, Tax Preparation, Bookkeeping, and Payroll Services (NAICS 54121) in the United States",Annual,Percent Change from Year Ago
IPUMN54121L010000000,"Hours Worked for Professional, Scientific, and Technical Services: Accounting, Tax Preparation, Bookkeeping, and Payroll Services (NAICS 54121) in the United States",Annual,Index 2017=100
IPUMN54121L200000000,"Hours Worked for Professional, Scientific, and Technical Services: Accounting, Tax Preparation, Bookkeeping, and Payroll Services (NAICS 54121) in the United States",Annual,Millions of Hours
IPUMN54121L201000000,"Hours Worked for Professional, Scientific, and Technical Services: Accounting, Tax Preparation, Bookkeeping, and Payroll Services (NAICS 54121) in the United States",Annual,Percent Change from Year Ago
IPUMN54121T010000000,"Real Sectoral Output for Professional, Scientific, and Technical Services: Accounting, Tax Preparation, Bookkeeping, and Payroll Services (NAICS 54121) in the United States",Annual,Index 2017=100
IPUMN54121T011000000,"Real Sectoral Output for Professional, Scientific, and Technical Services: Accounting, Tax Preparation, Bookkeeping, and Payroll Services (NAICS 54121) in the United States",Annual,Percent Change from Year Ago
IPUMN54121T050000000,"Sectoral Output Price Deflator for Professional, Scientific, and Technical Services: Accounting, Tax Preparation, Bookkeeping, and Payroll Services (NAICS 54121) in the United States",Annual,Index 2017=100
IPUMN54121T051000000,"Sectoral Output Price Deflator for Professional, Scientific, and Technical Services: Accounting, Tax Preparation, Bookkeeping, and Payroll Services (NAICS 54121) in the United States",Annual,Percent Change from Year Ago
IPUMN54121T300000000,"Sectoral Output for Professional, Scientific, and Technical Services: Accounting, Tax Preparation, Bookkeeping, and Payroll Services (NAICS 54121) in the United States",Annual,Millions of Dollars
IPUMN54121T301000000,"Sectoral Output for Professional, Scientific, and Technical Services: Accounting, Tax Preparation, Bookkeeping, and Payroll Services (NAICS 54121) in the United States",Annual,Percent Change from Year Ago
IPUMN54121U100000000,"Unit Labor Costs for Professional, Scientific, and Technical Services: Accounting, Tax Preparation, Bookkeeping, and Payroll Services (NAICS 54121) in the United States",Annual,Index 2017=100
IPUMN54121U101000000,"Unit Labor Costs for Professional, Scientific, and Technical Services: Accounting, Tax Preparation, Bookkeeping, and Payroll Services (NAICS 54121) in the United States",Annual,Percent Change from Year Ago
IPUMN54121U120000000,"Hourly Compensation for Professional, Scientific, and Technical Services: Accounting, Tax Preparation, Bookkeeping, and Payroll Services (NAICS 54121) in the United States",Annual,Index 2017=100
IPUMN54121U121000000,"Hourly Compensation for Professional, Scientific, and Technical Services: Accounting, Tax Preparation, Bookkeeping, and Payroll Services (NAICS 54121) in the United States",Annual,Percent Change from Year Ago
IPUMN54121W000000000,"Output per Worker for Professional, Scientific, and Technical Services: Accounting, Tax Preparation, Bookkeeping, and Payroll Services (NAICS 54121) in the United States",Annual,Index 2017=100
IPUMN54121W001000000,"Output per Worker for Professional, Scientific, and Technical Services: Accounting, Tax Preparation, Bookkeeping, and Payroll Services (NAICS 54121) in the United States",Annual,Percent Change from Year Ago
IPUMN5412L000000000,"Labor Productivity for Professional, Scientific, and Technical Services: Accounting, Tax Preparation, Bookkeeping, and Payroll Services (NAICS 5412) in the United States",Annual,Index 2017=100
IPUMN5412L001000000,"Labor Productivity for Professional, Scientific, and Technical Services: Accounting, Tax Preparation, Bookkeeping, and Payroll Services (NAICS 5412) in the United States",Annual,Percent Change from Year Ago
IPUMN5412L010000000,"Hours Worked for Professional, Scientific, and Technical Services: Accounting, Tax Preparation, Bookkeeping, and Payroll Services (NAICS 5412) in the United States",Annual,Index 2017=100
IPUMN5412L200000000,"Hours Worked for Professional, Scientific, and Technical Services: Accounting, Tax Preparation, Bookkeeping, and Payroll Services (NAICS 5412) in the United States",Annual,Millions of Hours
IPUMN5412L201000000,"Hours Worked for Professional, Scientific, and Technical Services: Accounting, Tax Preparation, Bookkeeping, and Payroll Services (NAICS 5412) in the United States",Annual,Percent Change from Year Ago
IPUMN5412T010000000,"Real Sectoral Output for Professional, Scientific, and Technical Services: Accounting, Tax Preparation, Bookkeeping, and Payroll Services (NAICS 5412) in the United States",Annual,Index 2017=100
IPUMN5412T011000000,"Real Sectoral Output for Professional, Scientific, and Technical Services: Accounting, Tax Preparation, Bookkeeping, and Payroll Services (NAICS 5412) in the United States",Annual,Percent Change from Year Ago
IPUMN5412T050000000,"Sectoral Output Price Deflator for Professional, Scientific, and Technical Services: Accounting, Tax Preparation, Bookkeeping, and Payroll Services (NAICS 5412) in the United States",Annual,Index 2017=100
IPUMN5412T051000000,"Sectoral Output Price Deflator for Professional, Scientific, and Technical Services: Accounting, Tax Preparation, Bookkeeping, and Payroll Services (NAICS 5412) in the United States",Annual,Percent Change from Year Ago
IPUMN5412T300000000,"Sectoral Output for Professional, Scientific, and Technical Services: Accounting, Tax Preparation, Bookkeeping, and Payroll Services (NAICS 5412) in the United States",Annual,Millions of Dollars
IPUMN5412T301000000,"Sectoral Output for Professional, Scientific, and Technical Services: Accounting, Tax Preparation, Bookkeeping, and Payroll Services (NAICS 5412) in the United States",Annual,Percent Change from Year Ago
IPUMN5412U100000000,"Unit Labor Costs for Professional, Scientific, and Technical Services: Accounting, Tax Preparation, Bookkeeping, and Payroll Services (NAICS 5412) in the United States",Annual,Index 2017=100
IPUMN5412U101000000,"Unit Labor Costs for Professional, Scientific, and Technical Services: Accounting, Tax Preparation, Bookkeeping, and Payroll Services (NAICS 5412) in the United States",Annual,Percent Change from Year Ago
IPUMN5412U120000000,"Hourly Compensation for Professional, Scientific, and Technical Services: Accounting, Tax Preparation, Bookkeeping, and Payroll Services (NAICS 5412) in the United States",Annual,Index 2017=100
IPUMN5412U121000000,"Hourly Compensation for Professional, Scientific, and Technical Services: Accounting, Tax Preparation, Bookkeeping, and Payroll Services (NAICS 5412) in the United States",Annual,Percent Change from Year Ago
IPUMN5412W000000000,"Output per Worker for Professional, Scientific, and Technical Services: Accounting, Tax Preparation, Bookkeeping, and Payroll Services (NAICS 5412) in the United States",Annual,Index 2017=100
IPUMN5412W001000000,"Output per Worker for Professional, Scientific, and Technical Services: Accounting, Tax Preparation, Bookkeeping, and Payroll Services (NAICS 5412) in the United States",Annual,Percent Change from Year Ago
ISRATIO,Total Business: Inventories to Sales Ratio,"Monthly, End of Period",Ratio
JPINTDDMEJPY,Japan Intervention: Japanese Bank purchases of DM/Euro against JPY,"Daily, 7-Day",100 Million Yen
JPINTDEXR,Japan Intervention: Japanese Bank purchases of USD against DM,"Daily, 7-Day",100 Million Yen
JPINTDUSDJPY,Japan Intervention: Japanese Bank purchases of USD against JPY,"Daily, 7-Day",100 Million Yen
JPINTDUSDRP,Japan Intervention: Japanese Bank purchases of USD against Rupiah,"Daily, 7-Day",100 Million Yen
JPNNGDP,Gross Domestic Product for Japan,Quarterly,Billions of Yen
JPNRGDPEXP,Real Gross Domestic Product for Japan,Quarterly,Billions of Chained 2015 Yen
JTSJOL,Job Openings: Total Nonfarm,Monthly,Level in Thousands
LES1252881500Q,Employed full time: Median usual weekly nominal earnings (second quartile): Wage and salary workers: 16 years and over,Quarterly,Dollars
LES1252881600Q,Employed full time: Median usual weekly real earnings: Wage and salary workers: 16 years and over,Quarterly,1982-84 CPI Adjusted Dollars
LEU0254499700A,Employed full time: Wage and salary workers: Payroll and timekeeping clerks occupations: 16 years and over,Annual,Thousands of Persons
LEU0254501300A,"Employed full time: Wage and salary workers: Human resources assistants, except payroll and timekeeping occupations: 16 years and over",Annual,Thousands of Persons
LEU0254553100A,Employed full time: Median usual weekly nominal earnings (second quartile): Wage and salary workers: Payroll and timekeeping clerks occupations: 16 years and over,Annual,Dollars
LEU0254554700A,"Employed full time: Median usual weekly nominal earnings (second quartile): Wage and salary workers: Human resources assistants, except payroll and timekeeping occupations: 16 years and over",Annual,Dollars
LEU0254606500A,Employed full time: Wage and salary workers: Payroll and timekeeping clerks occupations: 16 years and over: Men,Annual,Thousands of Persons
LEU0254608100A,"Employed full time: Wage and salary workers: Human resources assistants, except payroll and timekeeping occupations: 16 years and over: Men",Annual,Thousands of Persons
LEU0254713300A,Employed full time: Wage and salary workers: Payroll and timekeeping clerks occupations: 16 years and over: Women,Annual,Thousands of Persons
LEU0254714900A,"Employed full time: Wage and salary workers: Human resources assistants, except payroll and timekeeping occupations: 16 years and over: Women",Annual,Thousands of Persons
LEU0254766700A,Employed full time: Median usual weekly nominal earnings (second quartile): Wage and salary workers: Payroll and timekeeping clerks occupations: 16 years and over: Women,Annual,Dollars
LEU0254768300A,"Employed full time: Median usual weekly nominal earnings (second quartile): Wage and salary workers: Human resources assistants, except payroll and timekeeping occupations: 16 years and over: Women",Annual,Dollars
LNS11300001,Labor Force Participation Rate - Men,Monthly,Percent
LNS11300060,Labor Force Participation Rate - 25-54 Yrs.,Monthly,Percent
LNS11324230,Labor Force Participation Rate - 55 Yrs. & over,Monthly,Percent
LNS12026620,Multiple Jobholders as a Percent of Employed,Monthly,Percent
LNS12500000,"Employed, Usually Work Full Time",Monthly,Thousands of Persons
LNU00074597,"Population - With a Disability, 16 Years and over",Monthly,Thousands of Persons
LOANS,"Loans and Leases in Bank Credit, All Commercial Banks",Monthly,Billions of U.S. Dollars
LXXRSA,S&P CoreLogic Case-Shiller CA-Los Angeles Home Price Index,Monthly,Index Jan 2000=100
M12MTVUSM227NFWA,Moving 12-Month Total Vehicle Miles Traveled,Monthly,Millions of Miles
M1REAL,Real M1 Money Stock,Monthly,Billions of 1982-84 Dollars
M1SL,M1,Monthly,Billions of Dollars
M2NS,M2,Monthly,Billions of Dollars
M2REAL,Real M2 Money Stock,Monthly,Billions of 1982-84 Dollars
M2SL,M2,Monthly,Billions of Dollars
M318501Q027NBEA,Federal government budget surplus or deficit (-),Quarterly,Billions of Dollars
MASTHPI,All-Transactions House Price Index for Massachusetts,Quarterly,Index 1980:Q1=100
MCOILBRENTEU,Crude Oil Prices: Brent - Europe,Monthly,Dollars per Barrel
MCOILWTICO,"Crude Oil Prices: West Texas Intermediate (WTI) - Cushing, Oklahoma",Monthly,Dollars per Barrel
MDSP,Mortgage Debt Service Payments as a Percent of Disposable Personal Income,Quarterly,Percent
MEDDAYONMARUS,Housing Inventory: Median Days on Market in the United States,Monthly,Level
MEDLISPRIPERSQUFEEUS,Housing Inventory: Median Listing Price per Square Feet in the United States,Monthly,U.S. Dollars
MIXRNSA,S&P CoreLogic Case-Shiller FL-Miami Home Price Index,Monthly,Index Jan 2000=100
MKT1020MKTAMT,Total Value of Commercial Paper Issues with a Maturity Between 10 and 20 Days,Daily,Millions of Dollars
MKT1020MKTVOL,Number of Commercial Paper Issues with a Maturity Between 10 and 20 Days,Daily,Number
MKT14MKTAMT,Total Value of Commercial Paper Issues with a Maturity Between 1 and 4 Days,Daily,Millions of Dollars
MKT14MKTVOL,Number of Commercial Paper Issues with a Maturity Between 1 and 4 Days,Daily,Number
MKT2140MKTAMT,Total Value of Issuers of Commercial Paper with a Maturity Between 21 and 40 Days,Daily,Millions of Dollars
MKT2140MKTVOL,Number of Commercial Paper Issues with a Maturity Between 21 and 40 Days,Daily,Number
MKT4180MKTAMT,Total Value of Issuers of Commercial Paper with a Maturity Between 41 and 80 Days,Daily,Millions of Dollars
MKT4180MKTVOL,Number of Commercial Paper Issues with a Maturity Between 41 and 80 Days,Daily,Number
MKT59MKTAMT,Total Value of Issuers of Commercial Paper with a Maturity Between 5 and 9 Days,Daily,Millions of Dollars
MKT59MKTVOL,Number of Commercial Paper Issues with a Maturity Between 5 and 9 Days,Daily,Number
MKTGT80MKTAMT,Total Value of Issuers of Commercial Paper with a Maturity Greater Than 80 Days,Daily,Millions of Dollars
MKTGT80MKTVOL,Number of Commercial Paper Issues with a Maturity Greater Than 80 Days,Daily,Number
MMMFFAQ027S,"Money Market Funds; Total Financial Assets, Level",Quarterly,Millions of Dollars
MORTGAGE15US,15-Year Fixed Rate Mortgage Average in the United States,"Weekly, Ending Thursday",Percent
MORTGAGE30US,30-Year Fixed Rate Mortgage Average in the United States,"Weekly, Ending Thursday",Percent
MPRIME,Bank Prime Loan Rate,Monthly,Percent
MRTSSM44000USS,Retail Sales: Retail Trade,Monthly,Millions of Dollars
MRTSSM44112USN,Retail Sales: Used Car Dealers,Monthly,Millions of Dollars
MSACSR,Monthly Supply of New Houses in the United States,Monthly,Months' Supply
MSPNHSUS,Median Sales Price for New Houses Sold in the United States,Monthly,Dollars
MSPUS,Median Sales Price of Houses Sold for the United States,Quarterly,Dollars
NONFIN1020A2P2AMT,"Total Value of Issues, with a Maturity Between 10 and 20 Days, Used in Calculating the A2/P2 Nonfinancial Commercial Paper Rates",Daily,Millions of Dollars
NONFIN1020A2P2VOL,"Number of Issues, with a Maturity Between 10 and 20 Days, Used in Calculating the A2/P2 Nonfinancial Commercial Paper Rates",Daily,Number
NONFIN1020AAAMT,"Total Value of Issues, with a Maturity Between 10 and 20 Days, Used in Calculating the AA Nonfinancial Commercial Paper Rates",Daily,Millions of Dollars
NONFIN1020AAVOL,"Number of Issues, with a Maturity Between 10 and 20 Days, Used in Calculating the AA Nonfinancial Commercial Paper Rates",Daily,Number
NONFIN14A2P2AMT,"Total Value of Issues, with a Maturity Between 1 and 4 Days, Used in Calculating the A2/P2 Nonfinancial Commercial Paper Rates",Daily,Millions of Dollars
NONFIN14A2P2VOL,"Number of Issues, with a Maturity Between 1 and 4 Days, Used in Calculating the A2/P2 Nonfinancial Commercial Paper Rates",Daily,Number
NONFIN14AAAMT,"Total Value of Issues, with a Maturity Between 1 and 4 Days, Used in Calculating the AA Nonfinancial Commercial Paper Rates",Daily,Millions of Dollars
NONFIN14AAVOL,"Number of Issues, with a Maturity Between 1 and 4 Days, Used in Calculating the AA Nonfinancial Commercial Paper Rates",Daily,Number
NONFIN2140A2P2AMT,"Total Value of Issues, with a Maturity Between 21 and 40 Days, Used in Calculating the A2/P2 Nonfinancial Commercial Paper Rates",Daily,Millions of Dollars
NONFIN2140A2P2VOL,"Number of Issues, with a Maturity Between 21 and 40 Days, Used in Calculating the A2/P2 Nonfinancial Commercial Paper Rates",Daily,Number
NONFIN2140AAAMT,"Total Value of Issues, with a Maturity Between 21 and 40 Days, Used in Calculating the AA Nonfinancial Commercial Paper Rates",Daily,Millions of Dollars
NONFIN2140AAVOL,"Number of Issues, with a Maturity Between 21 and 40 Days, Used in Calculating the AA Nonfinancial Commercial Paper Rates",Daily,Number
NONFIN4180A2P2AMT,"Total Value of Issues, with a Maturity Between 41 and 80 Days, Used in Calculating the A2/P2 Nonfinancial Commercial Paper Rates",Daily,Millions of Dollars
NONFIN4180A2P2VOL,"Number of Issues, with a Maturity Between 41 and 80 Days, Used in Calculating the A2/P2 Nonfinancial Commercial Paper Rates",Daily,Number
NONFIN4180AAAMT,"Total Value of Issues, with a Maturity Between 41 and 80 Days, Used in Calculating the AA Nonfinancial Commercial Paper Rates",Daily,Millions of Dollars
NONFIN4180AAVOL,"Number of Issues, with a Maturity Between 41 and 80 Days, Used in Calculating the AA Nonfinancial Commercial Paper Rates",Daily,Number
NONFIN59A2P2AMT,"Total Value of Issues, with a Maturity Between 5 and 9 Days, Used in Calculating the A2/P2 Nonfinancial Commercial Paper Rates",Daily,Millions of Dollars
NONFIN59A2P2VOL,"Number of Issues, with a Maturity Between 5 and 9 Days, Used in Calculating the A2/P2 Nonfinancial Commercial Paper Rates",Daily,Number
NONFIN59AAAMT,"Total Value of Issues, with a Maturity Between 5 and 9 Days, Used in Calculating the AA Nonfinancial Commercial Paper Rates",Daily,Millions of Dollars
NONFIN59AAVOL,"Number of Issues, with a Maturity Between 5 and 9 Days, Used in Calculating the AA Nonfinancial Commercial Paper Rates",Daily,Number
NONFINGT80A2P2AMT,"Total Value of Issues, with a Maturity Greater Than 80 Days, Used in Calculating the A2/P2 Nonfinancial Commercial Paper Rates",Daily,Millions of Dollars
NONFINGT80A2P2VOL,"Number of Issues, with a Maturity Greater Than 80 Days, Used in Calculating the A2/P2 Nonfinancial Commercial Paper Rates",Daily,Number
NONFINGT80AAAMT,"Total Value of Issues, with a Maturity Greater Than 80 Days, Used in Calculating the AA Nonfinancial Commercial Paper Rates",Daily,Millions of Dollars
NONFINGT80AAVOL,"Number of Issues, with a Maturity Greater Than 80 Days, Used in Calculating the AA Nonfinancial Commercial Paper Rates",Daily,Number
OBMMIC15YF,15-Year Fixed Rate Conforming Mortgage Index,Daily,Percent
OBMMIC30YF,30-Year Fixed Rate Conforming Mortgage Index,Daily,Percent
OBMMIC30YFLVGT80FB680A699,"30-Year Fixed Rate Conforming Mortgage Index: Loan-to-Value Greater Than 80, FICO Score Between 680 and 699",Daily,Percent
OBMMIC30YFLVGT80FB700A719,"30-Year Fixed Rate Conforming Mortgage Index: Loan-to-Value Greater Than 80, FICO Score Between 700 and 719",Daily,Percent
OBMMIC30YFLVGT80FB720A739,"30-Year Fixed Rate Conforming Mortgage Index: Loan-to-Value Greater Than 80, FICO Score Between 720 and 739",Daily,Percent
OBMMIC30YFLVGT80FGE740,"30-Year Fixed Rate Conforming Mortgage Index: Loan-to-Value Greater Than 80, FICO Score Greater Than 740",Daily,Percent
OBMMIC30YFLVGT80FLT680,"30-Year Fixed Rate Conforming Mortgage Index: Loan-to-Value Greater Than 80, FICO Score Less Than 680",Daily,Percent
OBMMIC30YFLVLE80FB680A699,"30-Year Fixed Rate Conforming Mortgage Index: Loan-to-Value Less Than or Equal to 80, FICO Score Between 680 and 699",Daily,Percent
OBMMIC30YFLVLE80FB700A719,"30-Year Fixed Rate Conforming Mortgage Index: Loan-to-Value Less Than or Equal to 80, FICO Score Between 700 and 719",Daily,Percent
OBMMIC30YFLVLE80FB720A739,"30-Year Fixed Rate Conforming Mortgage Index: Loan-to-Value Less Than or Equal to 80, FICO Score Between 720 and 739",Daily,Percent
OBMMIC30YFLVLE80FGE740,"30-Year Fixed Rate Conforming Mortgage Index: Loan-to-Value Less Than or Equal to 80, FICO Score Greater Than 740",Daily,Percent
OBMMIC30YFLVLE80FLT680,"30-Year Fixed Rate Conforming Mortgage Index: Loan-to-Value Less Than or Equal to 80, FICO Score Less Than 680",Daily,Percent
OBMMIC30YFNA,30-Year Fixed Rate Conforming Non-Adjusted Mortgage Index,Daily,Percent
OBMMIFHA30YF,30-Year Fixed Rate FHA Mortgage Index,Daily,Percent
OBMMIJUMBO30YF,30-Year Fixed Rate Jumbo Mortgage Index,Daily,Percent
OBMMIUSDA30YF,30-Year Fixed Rate USDA Mortgage Index,Daily,Percent
OBMMIVA30YF,30-Year Fixed Rate Veterans Affairs Mortgage Index,Daily,Percent
RSXFS,,,
SOFR,Secured Overnight Financing Rate,Daily,Percent
SOFR1,Secured Overnight Financing Rate: 1st Percentile,Daily,Percent
SOFR25,Secured Overnight Financing Rate: 25th Percentile,Daily,Percent
SOFR75,Secured Overnight Financing Rate: 75th Percentile,Daily,Percent
SOFR99,Secured Overnight Financing Rate: 99th Percentile,Daily,Percent
SOFRVOL,Secured Overnight Financing Volume,Daily,Billions of U.S. Dollars
SVNCP090000GYM,"Consumer Price Indices (CPIs, HICPs), COICOP 1999: Consumer Price Index: Recreation and Culture for Slovenia",Monthly,Growth rate same period previous year
SVNCP090000GYQ,"Consumer Price Indices (CPIs, HICPs), COICOP 1999: Consumer Price Index: Recreation and Culture for Slovenia",Quarterly,Growth rate same period previous year
SVNCP090000IXOBM,"Consumer Price Indices (CPIs, HICPs), COICOP 1999: Consumer Price Index: Recreation and Culture for Slovenia",Monthly,Index 2015=100
SVNCP090000IXOBQ,"Consumer Price Indices (CPIs, HICPs), COICOP 1999: Consumer Price Index: Recreation and Culture for Slovenia",Quarterly,Index 2015=100
SVNCP100000CTGYM,"Consumer Price Indices (CPIs, HICPs), COICOP 1999: Consumer Price Index: Education for Slovenia",Monthly,"Contribution to growth rate, over 1 year"
SVNCP100000GYM,"Consumer Price Indices (CPIs, HICPs), COICOP 1999: Consumer Price Index: Education for Slovenia",Monthly,Growth rate same period previous year
SVNCP100000GYQ,"Consumer Price Indices (CPIs, HICPs), COICOP 1999: Consumer Price Index: Education for Slovenia",Quarterly,Growth rate same period previous year
SVNCP100000IXOBM,"Consumer Price Indices (CPIs, HICPs), COICOP 1999: Consumer Price Index: Education for Slovenia",Monthly,Index 2015=100
SVNCP100000IXOBQ,"Consumer Price Indices (CPIs, HICPs), COICOP 1999: Consumer Price Index: Education for Slovenia",Quarterly,Index 2015=100
SVNCP110000CTGYM,"Consumer Price Indices (CPIs, HICPs), COICOP 1999: Consumer Price Index: Restaurants and Hotels for Slovenia",Monthly,"Contribution to growth rate, over 1 year"
SVNCP110000GYM,"Consumer Price Indices (CPIs, HICPs), COICOP 1999: Consumer Price Index: Restaurants and Hotels for Slovenia",Monthly,Growth rate same period previous year
SVNCP110000GYQ,"Consumer Price Indices (CPIs, HICPs), COICOP 1999: Consumer Price Index: Restaurants and Hotels for Slovenia",Quarterly,Growth rate same period previous year
SVNCP110000IXOBM,"Consumer Price Indices (CPIs, HICPs), COICOP 1999: Consumer Price Index: Restaurants and Hotels for Slovenia",Monthly,Index 2015=100
SVNCP110000IXOBQ,"Consumer Price Indices (CPIs, HICPs), COICOP 1999: Consumer Price Index: Restaurants and Hotels for Slovenia",Quarterly,Index 2015=100
SVNCP120000CTGYM,"Consumer Price Indices (CPIs, HICPs), COICOP 1999: Consumer Price Index: Miscellaneous Goods and Services for Slovenia",Monthly,"Contribution to growth rate, over 1 year"
SVNCP120000GYM,"Consumer Price Indices (CPIs, HICPs), COICOP 1999: Consumer Price Index: Miscellaneous Goods and Services for Slovenia",Monthly,Growth rate same period previous year
SVNCP120000GYQ,"Consumer Price Indices (CPIs, HICPs), COICOP 1999: Consumer Price Index: Miscellaneous Goods and Services for Slovenia",Quarterly,Growth rate same period previous year
SVNCP120000IXOBM,"Consumer Price Indices (CPIs, HICPs), COICOP 1999: Consumer Price Index: Miscellaneous Goods and Services for Slovenia",Monthly,Index 2015=100
SVNCP120000IXOBQ,"Consumer Price Indices (CPIs, HICPs), COICOP 1999: Consumer Price Index: Miscellaneous Goods and Services for Slovenia",Quarterly,Index 2015=100
SVNCPALTT01CTGYM,"Consumer Price Indices (CPIs, HICPs), COICOP 1999: Consumer Price Index: Total for Slovenia",Monthly,"Contribution to growth rate, over 1 year"
SVNCPGRGO01GYM,"Consumer Price Indices (CPIs, HICPs), COICOP 1999: Consumer Price Index: Goods for Slovenia",Monthly,Growth rate same period previous year
SVNCPGRGO01GYQ,"Consumer Price Indices (CPIs, HICPs), COICOP 1999: Consumer Price Index: Goods for Slovenia",Quarterly,Growth rate same period previous year
SVNCPGRGO01IXOBM,"Consumer Price Indices (CPIs, HICPs), COICOP 1999: Consumer Price Index: Goods for Slovenia",Monthly,Index 2015=100
SVNCPGRGO01IXOBQ,"Consumer Price Indices (CPIs, HICPs), COICOP 1999: Consumer Price Index: Goods for Slovenia",Quarterly,Index 2015=100
SVNCPGRHO02GYM,"Consumer Price Indices (CPIs, HICPs), COICOP 1999: Consumer Price Index: Housing Excluding Imputed Rentals for Housing for Slovenia",Monthly,Growth rate same period previous year
SVNCPGRHO02GYQ,"Consumer Price Indices (CPIs, HICPs), COICOP 1999: Consumer Price Index: Housing Excluding Imputed Rentals for Housing for Slovenia",Quarterly,Growth rate same period previous year
SVNCPGRHO02IXOBM,"Consumer Price Indices (CPIs, HICPs), COICOP 1999: Consumer Price Index: Housing Excluding Imputed Rentals for Housing for Slovenia",Monthly,Index 2015=100
SVNCPGRHO02IXOBQ,"Consumer Price Indices (CPIs, HICPs), COICOP 1999: Consumer Price Index: Housing Excluding Imputed Rentals for Housing for Slovenia",Quarterly,Index 2015=100
SVNCPGRLH02GYM,"Consumer Price Indices (CPIs, HICPs), COICOP 1999: Consumer Price Index: Services Less Housing (Housing Excluding Imputed Rentals for Housing) for Slovenia",Monthly,Growth rate same period previous year
SVNCPGRLH02GYQ,"Consumer Price Indices (CPIs, HICPs), COICOP 1999: Consumer Price Index: Services Less Housing (Housing Excluding Imputed Rentals for Housing) for Slovenia",Quarterly,Growth rate same period previous year
SVNCPGRLH02IXOBM,"Consumer Price Indices (CPIs, HICPs), COICOP 1999: Consumer Price Index: Services Less Housing (Housing Excluding Imputed Rentals for Housing) for Slovenia",Monthly,Index 2015=100
SVNCPGRLH02IXOBQ,"Consumer Price Indices (CPIs, HICPs), COICOP 1999: Consumer Price Index: Services Less Housing (Housing Excluding Imputed Rentals for Housing) for Slovenia",Quarterly,Index 2015=100
SVNCPGRSE01GYM,"Consumer Price Indices (CPIs, HICPs), COICOP 1999: Consumer Price Index: Services for Slovenia",Monthly,Growth rate same period previous year
SVNCPGRSE01GYQ,"Consumer Price Indices (CPIs, HICPs), COICOP 1999: Consumer Price Index: Services for Slovenia",Quarterly,Growth rate same period previous year
SVNCPGRSE01IXOBM,"Consumer Price Indices (CPIs, HICPs), COICOP 1999: Consumer Price Index: Services for Slovenia",Monthly,Index 2015=100
SVNCPGRSE01IXOBQ,"Consumer Price Indices (CPIs, HICPs), COICOP 1999: Consumer Price Index: Services for Slovenia",Quarterly,Index 2015=100
SVNCPHP0100GYM,"Consumer Price Indices (CPIs, HICPs), COICOP 1999: Consumer Price Index: Food and Non-Alcoholic Beverages for Slovenia",Monthly,Growth rate same period previous year
SVNCPHP0100IXOBM,"Consumer Price Indices (CPIs, HICPs), COICOP 1999: Consumer Price Index: Food and Non-Alcoholic Beverages for Slovenia",Monthly,Index 2015=100
SVNCPHP0200GYM,"Consumer Price Indices (CPIs, HICPs), COICOP 1999: Consumer Price Index: Alcoholic Beverages, Tobacco and Narcotics for Slovenia",Monthly,Growth rate same period previous year
SVNCPHP0200IXOBM,"Consumer Price Indices (CPIs, HICPs), COICOP 1999: Consumer Price Index: Alcoholic Beverages, Tobacco and Narcotics for Slovenia",Monthly,Index 2015=100
SVNCPHP0300GYM,"Consumer Price Indices (CPIs, HICPs), COICOP 1999: Consumer Price Index: Clothing and Footwear for Slovenia",Monthly,Growth rate same period previous year
SVNCPHP0300IXOBM,"Consumer Price Indices (CPIs, HICPs), COICOP 1999: Consumer Price Index: Clothing and Footwear for Slovenia",Monthly,Index 2015=100
SVNCPHP0400GYM,"Consumer Price Indices (CPIs, HICPs), COICOP 1999: Consumer Price Index: Housing, Water, Electricity, Gas and Other Fuels for Slovenia",Monthly,Growth rate same period previous year
SVNCPHP0400IXOBM,"Consumer Price Indices (CPIs, HICPs), COICOP 1999: Consumer Price Index: Housing, Water, Electricity, Gas and Other Fuels for Slovenia",Monthly,Index 2015=100
SVNCPHP0401GYM,"Consumer Price Indices (CPIs, HICPs), COICOP 1999: Consumer Price Index: Actual Rentals for Housing for Slovenia",Monthly,Growth rate same period previous year
SVNCPHP0401IXOBM,"Consumer Price Indices (CPIs, HICPs), COICOP 1999: Consumer Price Index: Actual Rentals for Housing for Slovenia",Monthly,Index 2015=100
SVNCPHP0403GYM,"Consumer Price Indices (CPIs, HICPs), COICOP 1999: Consumer Price Index: Maintenance and Repair of the Dwelling for Slovenia",Monthly,Growth rate same period previous year
SVNCPHP0403IXOBM,"Consumer Price Indices (CPIs, HICPs), COICOP 1999: Consumer Price Index: Maintenance and Repair of the Dwelling for Slovenia",Monthly,Index 2015=100
SVNCPHP0404GYM,"Consumer Price Indices (CPIs, HICPs), COICOP 1999: Consumer Price Index: Water Supply and Miscellaneous Services Relating to the Dwelling for Slovenia",Monthly,Growth rate same period previous year
SVNCPHP0404IXOBM,"Consumer Price Indices (CPIs, HICPs), COICOP 1999: Consumer Price Index: Water Supply and Miscellaneous Services Relating to the Dwelling for Slovenia",Monthly,Index 2015=100
SVNCPHP0405GYM,"Consumer Price Indices (CPIs, HICPs), COICOP 1999: Consumer Price Index: Electricity, Gas and Other Fuels for Slovenia",Monthly,Growth rate same period previous year
SVNCPHP0405IXOBM,"Consumer Price Indices (CPIs, HICPs), COICOP 1999: Consumer Price Index: Electricity, Gas and Other Fuels for Slovenia",Monthly,Index 2015=100
SVNCPHP0500GYM,"Consumer Price Indices (CPIs, HICPs), COICOP 1999: Consumer Price Index: Furnishings, Household Equipment and Routine Household Maintenance for Slovenia",Monthly,Growth rate same period previous year
SVNCPHP0500IXOBM,"Consumer Price Indices (CPIs, HICPs), COICOP 1999: Consumer Price Index: Furnishings, Household Equipment and Routine Household Maintenance for Slovenia",Monthly,Index 2015=100
SVNCPHP0600GYM,"Consumer Price Indices (CPIs, HICPs), COICOP 1999: Consumer Price Index: Health for Slovenia",Monthly,Growth rate same period previous year
SVNCPHP0600IXOBM,"Consumer Price Indices (CPIs, HICPs), COICOP 1999: Consumer Price Index: Health for Slovenia",Monthly,Index 2015=100
SVNCPHP0700GYM,"Consumer Price Indices (CPIs, HICPs), COICOP 1999: Consumer Price Index: Transport for Slovenia",Monthly,Growth rate same period previous year
SVNCPHP0700IXOBM,"Consumer Price Indices (CPIs, HICPs), COICOP 1999: Consumer Price Index: Transport for Slovenia",Monthly,Index 2015=100
SVNCPHP0702GYM,"Consumer Price Indices (CPIs, HICPs), COICOP 1999: Consumer Price Index: Fuels and Lubricants for Personal Transport Equipment for Slovenia",Monthly,Growth rate same period previous year
SVNCPHP0702IXOBM,"Consumer Price Indices (CPIs, HICPs), COICOP 1999: Consumer Price Index: Fuels and Lubricants for Personal Transport Equipment for Slovenia",Monthly,Index 2015=100
SVNCPHP0800GYM,"Consumer Price Indices (CPIs, HICPs), COICOP 1999: Consumer Price Index: Communication for Slovenia",Monthly,Growth rate same period previous year
SVNCPHP0800IXOBM,"Consumer Price Indices (CPIs, HICPs), COICOP 1999: Consumer Price Index: Communication for Slovenia",Monthly,Index 2015=100
SVNCPHP0900GYM,"Consumer Price Indices (CPIs, HICPs), COICOP 1999: Consumer Price Index: Recreation and Culture for Slovenia",Monthly,Growth rate same period previous year
SVNCPHP0900IXOBM,"Consumer Price Indices (CPIs, HICPs), COICOP 1999: Consumer Price Index: Recreation and Culture for Slovenia",Monthly,Index 2015=100
SVNCPHP1000GYM,"Consumer Price Indices (CPIs, HICPs), COICOP 1999: Consumer Price Index: Education for Slovenia",Monthly,Growth rate same period previous year
SVNCPHP1000IXOBM,"Consumer Price Indices (CPIs, HICPs), COICOP 1999: Consumer Price Index: Education for Slovenia",Monthly,Index 2015=100
SVNCPHP1100GYM,"Consumer Price Indices (CPIs, HICPs), COICOP 1999: Consumer Price Index: Restaurants and Hotels for Slovenia",Monthly,Growth rate same period previous year
SVNCPHP1100IXOBM,"Consumer Price Indices (CPIs, HICPs), COICOP 1999: Consumer Price Index: Restaurants and Hotels for Slovenia",Monthly,Index 2015=100
SVNCPHP1200GYM,"Consumer Price Indices (CPIs, HICPs), COICOP 1999: Consumer Price Index: Miscellaneous Goods and Services for Slovenia",Monthly,Growth rate same period previous year
SVNCPHP1200IXOBM,"Consumer Price Indices (CPIs, HICPs), COICOP 1999: Consumer Price Index: Miscellaneous Goods and Services for Slovenia",Monthly,Index 2015=100
SVNCPHPEN01GYM,"Consumer Price Indices (CPIs, HICPs), COICOP 1999: Consumer Price Index: Energy for Slovenia",Monthly,Growth rate same period previous year
SVNCPHPEN01IXOBM,"Consumer Price Indices (CPIs, HICPs), COICOP 1999: Consumer Price Index: Energy for Slovenia",Monthly,Index 2015=100
SVNCPHPLA01GYM,"Consumer Price Indices (CPIs, HICPs), COICOP 1999: Consumer Price Index: Overall Index Excluding Energy, Food, Alcohol and Tobacco for Slovenia",Monthly,Growth rate same period previous year
SVNCPHPLA01IXOBM,"Consumer Price Indices (CPIs, HICPs), COICOP 1999: Consumer Price Index: Overall Index Excluding Energy, Food, Alcohol and Tobacco for Slovenia",Monthly,Index 2015=100
SVNCPHPSE01GYM,"Consumer Price Indices (CPIs, HICPs), COICOP 1999: Consumer Price Index: Services for Slovenia",Monthly,Growth rate same period previous year
SVNCPHPSE01IXOBM,"Consumer Price Indices (CPIs, HICPs), COICOP 1999: Consumer Price Index: Services for Slovenia",Monthly,Index 2015=100
SVNCPIALLAINMEI,"Consumer Price Indices (CPIs, HICPs), COICOP 1999: Consumer Price Index: Total for Slovenia",Annual,Index 2015=100
SVNCPIALLMINMEI,"Consumer Price Indices (CPIs, HICPs), COICOP 1999: Consumer Price Index: Total for Slovenia",Monthly,Index 2015=100
SVNCPIALLQINMEI,"Consumer Price Indices (CPIs, HICPs), COICOP 1999: Consumer Price Index: Total for Slovenia",Quarterly,Index 2015=100
SVNCPICORAINMEI,"Consumer Price Indices (CPIs, HICPs), COICOP 1999: Consumer Price Index: All Items Non-Food Non-Energy for Slovenia",Annual,Index 2015=100
SVNCPICORMINMEI,"Consumer Price Indices (CPIs, HICPs), COICOP 1999: Consumer Price Index: All Items Non-Food Non-Energy for Slovenia",Monthly,Index 2015=100
SVNCPICORQINMEI,"Consumer Price Indices (CPIs, HICPs), COICOP 1999: Consumer Price Index: All Items Non-Food Non-Energy for Slovenia",Quarterly,Index 2015=100
SVNCPIENGAINMEI,"Consumer Price Indices (CPIs, HICPs), COICOP 1999: Consumer Price Index: Energy for Slovenia",Annual,Index 2015=100
SVNCPIENGMINMEI,"Consumer Price Indices (CPIs, HICPs), COICOP 1999: Consumer Price Index: Energy for Slovenia",Monthly,Index 2015=100
SVNCPIENGQINMEI,"Consumer Price Indices (CPIs, HICPs), COICOP 1999: Consumer Price Index: Energy for Slovenia",Quarterly,Index 2015=100
SVNCPIHICAINMEI,"Consumer Price Indices (CPIs, HICPs), COICOP 1999: Consumer Price Index: Total for Slovenia",Annual,Index 2015=100
SVNCPIHICMINMEI,"Consumer Price Indices (CPIs, HICPs), COICOP 1999: Consumer Price Index: Total for Slovenia",Monthly,Index 2015=100
SVNCPSDCTGYCTGYM,"Consumer Price Indices (CPIs, HICPs), COICOP 1999: Consumer Price Index: Residuals for Slovenia",Monthly,"Contribution to growth rate, over 1 year"
SVNGDPRAPSMEI,National Accounts: GDP by Expenditure: Constant Prices: Gross Domestic Product: Total for Slovenia,Annual,Growth rate same period previous year
SVNGDPRQPSMEI,National Accounts: GDP by Expenditure: Constant Prices: Gross Domestic Product: Total for Slovenia,Quarterly,Growth rate same period previous year
SWEBREMFT02STSAM,"Business Tendency Surveys: Employment: Economic Activity: Retail Trade, Except of Motor Vehicles and Motorcycles: Future Tendency for Sweden",Monthly,Percentage balance
SWECP010000CTGYM,"Consumer Price Indices (CPIs, HICPs), COICOP 1999: Consumer Price Index: Food and Non-Alcoholic Beverages for Sweden",Monthly,"Contribution to growth rate, over 1 year"
SWECP010000GYM,"Consumer Price Indices (CPIs, HICPs), COICOP 1999: Consumer Price Index: Food and Non-Alcoholic Beverages for Sweden",Monthly,Growth rate same period previous year
SWECP010000GYQ,"Consumer Price Indices (CPIs, HICPs), COICOP 1999: Consumer Price Index: Food and Non-Alcoholic Beverages for Sweden",Quarterly,Growth rate same period previous year
SWECP010000IXOBM,"Consumer Price Indices (CPIs, HICPs), COICOP 1999: Consumer Price Index: Food and Non-Alcoholic Beverages for Sweden",Monthly,Index 2015=100
SWECP010000IXOBQ,"Consumer Price Indices (CPIs, HICPs), COICOP 1999: Consumer Price Index: Food and Non-Alcoholic Beverages for Sweden",Quarterly,Index 2015=100
SWECP020000CTGYM,"Consumer Price Indices (CPIs, HICPs), COICOP 1999: Consumer Price Index: Alcoholic Beverages, Tobacco and Narcotics for Sweden",Monthly,"Contribution to growth rate, over 1 year"
SWECP020000GYM,"Consumer Price Indices (CPIs, HICPs), COICOP 1999: Consumer Price Index: Alcoholic Beverages, Tobacco and Narcotics for Sweden",Monthly,Growth rate same period previous year
SWECP020000GYQ,"Consumer Price Indices (CPIs, HICPs), COICOP 1999: Consumer Price Index: Alcoholic Beverages, Tobacco and Narcotics for Sweden",Quarterly,Growth rate same period previous year
SWECP020000IXOBM,"Consumer Price Indices (CPIs, HICPs), COICOP 1999: Consumer Price Index: Alcoholic Beverages, Tobacco and Narcotics for Sweden",Monthly,Index 2015=100
SWECP020000IXOBQ,"Consumer Price Indices (CPIs, HICPs), COICOP 1999: Consumer Price Index: Alcoholic Beverages, Tobacco and Narcotics for Sweden",Quarterly,Index 2015=100
SWECP030000CTGYM,"Consumer Price Indices (CPIs, HICPs), COICOP 1999: Consumer Price Index: Clothing and Footwear for Sweden",Monthly,"Contribution to growth rate, over 1 year"
SWECP030000GYM,"Consumer Price Indices (CPIs, HICPs), COICOP 1999: Consumer Price Index: Clothing and Footwear for Sweden",Monthly,Growth rate same period previous year
SWECP030000GYQ,"Consumer Price Indices (CPIs, HICPs), COICOP 1999: Consumer Price Index: Clothing and Footwear for Sweden",Quarterly,Growth rate same period previous year
SWECP030000IXOBM,"Consumer Price Indices (CPIs, HICPs), COICOP 1999: Consumer Price Index: Clothing and Footwear for Sweden",Monthly,Index 2015=100
SWECP030000IXOBQ,"Consumer Price Indices (CPIs, HICPs), COICOP 1999: Consumer Price Index: Clothing and Footwear for Sweden",Quarterly,Index 2015=100
SWECP040000CTGYM,"Consumer Price Indices (CPIs, HICPs), COICOP 1999: Consumer Price Index: Housing, Water, Electricity, Gas and Other Fuels for Sweden",Monthly,"Contribution to growth rate, over 1 year"
SWECP040000GYM,"Consumer Price Indices (CPIs, HICPs), COICOP 1999: Consumer Price Index: Housing, Water, Electricity, Gas and Other Fuels for Sweden",Monthly,Growth rate same period previous year
SWECP040000GYQ,"Consumer Price Indices (CPIs, HICPs), COICOP 1999: Consumer Price Index: Housing, Water, Electricity, Gas and Other Fuels for Sweden",Quarterly,Growth rate same period previous year
SWECP040000IXOBM,"Consumer Price Indices (CPIs, HICPs), COICOP 1999: Consumer Price Index: Housing, Water, Electricity, Gas and Other Fuels for Sweden",Monthly,Index 2015=100
SWECP040000IXOBQ,"Consumer Price Indices (CPIs, HICPs), COICOP 1999: Consumer Price Index: Housing, Water, Electricity, Gas and Other Fuels for Sweden",Quarterly,Index 2015=100
SWECP040100GYM,"Consumer Price Indices (CPIs, HICPs), COICOP 1999: Consumer Price Index: Actual Rentals for Housing for Sweden",Monthly,Growth rate same period previous year
SWECP040100GYQ,"Consumer Price Indices (CPIs, HICPs), COICOP 1999: Consumer Price Index: Actual Rentals for Housing for Sweden",Quarterly,Growth rate same period previous year
SWECP040100IXOBM,"Consumer Price Indices (CPIs, HICPs), COICOP 1999: Consumer Price Index: Actual Rentals for Housing for Sweden",Monthly,Index 2015=100
SWECP040100IXOBQ,"Consumer Price Indices (CPIs, HICPs), COICOP 1999: Consumer Price Index: Actual Rentals for Housing for Sweden",Quarterly,Index 2015=100
SWECP040200GYM,"Consumer Price Indices (CPIs, HICPs), COICOP 1999: Consumer Price Index: Imputed Rentals for Housing for Sweden",Monthly,Growth rate same period previous year
SWECP040200GYQ,"Consumer Price Indices (CPIs, HICPs), COICOP 1999: Consumer Price Index: Imputed Rentals for Housing for Sweden",Quarterly,Growth rate same period previous year
SWECP040200IXOBM,"Consumer Price Indices (CPIs, HICPs), COICOP 1999: Consumer Price Index: Imputed Rentals for Housing for Sweden",Monthly,Index 2015=100
SWECP040200IXOBQ,"Consumer Price Indices (CPIs, HICPs), COICOP 1999: Consumer Price Index: Imputed Rentals for Housing for Sweden",Quarterly,Index 2015=100
SWECP040400GYM,"Consumer Price Indices (CPIs, HICPs), COICOP 1999: Consumer Price Index: Water Supply and Miscellaneous Services Relating to the Dwelling for Sweden",Monthly,Growth rate same period previous year
SWECP040400GYQ,"Consumer Price Indices (CPIs, HICPs), COICOP 1999: Consumer Price Index: Water Supply and Miscellaneous Services Relating to the Dwelling for Sweden",Quarterly,Growth rate same period previous year
SWECP040400IXOBM,"Consumer Price Indices (CPIs, HICPs), COICOP 1999: Consumer Price Index: Water Supply and Miscellaneous Services Relating to the Dwelling for Sweden",Monthly,Index 2015=100
SWECP040400IXOBQ,"Consumer Price Indices (CPIs, HICPs), COICOP 1999: Consumer Price Index: Water Supply and Miscellaneous Services Relating to the Dwelling for Sweden",Quarterly,Index 2015=100
SWECP040500GYM,"Consumer Price Indices (CPIs, HICPs), COICOP 1999: Consumer Price Index: Electricity, Gas and Other Fuels for Sweden",Monthly,Growth rate same period previous year
SWECP040500GYQ,"Consumer Price Indices (CPIs, HICPs), COICOP 1999: Consumer Price Index: Electricity, Gas and Other Fuels for Sweden",Quarterly,Growth rate same period previous year
SWECP040500IXOBM,"Consumer Price Indices (CPIs, HICPs), COICOP 1999: Consumer Price Index: Electricity, Gas and Other Fuels for Sweden",Monthly,Index 2015=100
SWECP040500IXOBQ,"Consumer Price Indices (CPIs, HICPs), COICOP 1999: Consumer Price Index: Electricity, Gas and Other Fuels for Sweden",Quarterly,Index 2015=100
SWECP050000CTGYM,"Consumer Price Indices (CPIs, HICPs), COICOP 1999: Consumer Price Index: Furnishings, Household Equipment and Routine Household Maintenance for Sweden",Monthly,"Contribution to growth rate, over 1 year"
SWECP050000GYM,"Consumer Price Indices (CPIs, HICPs), COICOP 1999: Consumer Price Index: Furnishings, Household Equipment and Routine Household Maintenance for Sweden",Monthly,Growth rate same period previous year
SWECP050000GYQ,"Consumer Price Indices (CPIs, HICPs), COICOP 1999: Consumer Price Index: Furnishings, Household Equipment and Routine Household Maintenance for Sweden",Quarterly,Growth rate same period previous year
SWECP050000IXOBM,"Consumer Price Indices (CPIs, HICPs), COICOP 1999: Consumer Price Index: Furnishings, Household Equipment and Routine Household Maintenance for Sweden",Monthly,Index 2015=100
SWECP050000IXOBQ,"Consumer Price Indices (CPIs, HICPs), COICOP 1999: Consumer Price Index: Furnishings, Household Equipment and Routine Household Maintenance for Sweden",Quarterly,Index 2015=100
SWECP060000CTGYM,"Consumer Price Indices (CPIs, HICPs), COICOP 1999: Consumer Price Index: Health for Sweden",Monthly,"Contribution to growth rate, over 1 year"
SWECP070000GYM,"Consumer Price Indices (CPIs, HICPs), COICOP 1999: Consumer Price Index: Transport for Sweden",Monthly,Growth rate same period previous year
SWECP070000IXOBQ,"Consumer Price Indices (CPIs, HICPs), COICOP 1999: Consumer Price Index: Transport for Sweden",Quarterly,Index 2015=100
SWECP080000IXOBQ,"Consumer Price Indices (CPIs, HICPs), COICOP 1999: Consumer Price Index: Communication for Sweden",Quarterly,Index 2015=100
SWECP090000IXOBQ,"Consumer Price Indices (CPIs, HICPs), COICOP 1999: Consumer Price Index: Recreation and Culture for Sweden",Quarterly,Index 2015=100
SWECP110000GYM,"Consumer Price Indices (CPIs, HICPs), COICOP 1999: Consumer Price Index: Restaurants and Hotels for Sweden",Monthly,Growth rate same period previous year
SWECP110000GYQ,"Consumer Price Indices (CPIs, HICPs), COICOP 1999: Consumer Price Index: Restaurants and Hotels for Sweden",Quarterly,Growth rate same period previous year
SWECP110000IXOBM,"Consumer Price Indices (CPIs, HICPs), COICOP 1999: Consumer Price Index: Restaurants and Hotels for Sweden",Monthly,Index 2015=100
SWECP120000IXOBQ,"Consumer Price Indices (CPIs, HICPs), COICOP 1999: Consumer Price Index: Miscellaneous Goods and Services for Sweden",Quarterly,Index 2015=100
SWECPALTT01CTGYM,"Consumer Price Indices (CPIs, HICPs), COICOP 1999: Consumer Price Index: Total for Sweden",Monthly,"Contribution to growth rate, over 1 year"
SWECPGRHO01GYM,"Consumer Price Indices (CPIs, HICPs), COICOP 1999: Consumer Price Index: Housing for Sweden",Monthly,Growth rate same period previous year
SWECPHP0100GYM,"Consumer Price Indices (CPIs, HICPs), COICOP 1999: Consumer Price Index: Food and Non-Alcoholic Beverages for Sweden",Monthly,Growth rate same period previous year
SWECPHP0300IXOBM,"Consumer Price Indices (CPIs, HICPs), COICOP 1999: Consumer Price Index: Clothing and Footwear for Sweden",Monthly,Index 2015=100
SWECPHP0401GYM,"Consumer Price Indices (CPIs, HICPs), COICOP 1999: Consumer Price Index: Actual Rentals for Housing for Sweden",Monthly,Growth rate same period previous year
SWECPHP0403GYM,"Consumer Price Indices (CPIs, HICPs), COICOP 1999: Consumer Price Index: Maintenance and Repair of the Dwelling for Sweden",Monthly,Growth rate same period previous year
SWECPHP0403IXOBM,"Consumer Price Indices (CPIs, HICPs), COICOP 1999: Consumer Price Index: Maintenance and Repair of the Dwelling for Sweden",Monthly,Index 2015=100
SWECPHP0404GYM,"Consumer Price Indices (CPIs, HICPs), COICOP 1999: Consumer Price Index: Water Supply and Miscellaneous Services Relating to the Dwelling for Sweden",Monthly,Growth rate same period previous year
SWECPHP0404IXOBM,"Consumer Price Indices (CPIs, HICPs), COICOP 1999: Consumer Price Index: Water Supply and Miscellaneous Services Relating to the Dwelling for Sweden",Monthly,Index 2015=100
SWECPHP0600GYM,"Consumer Price Indices (CPIs, HICPs), COICOP 1999: Consumer Price Index: Health for Sweden",Monthly,Growth rate same period previous year
SWECPHP0702GYM,"Consumer Price Indices (CPIs, HICPs), COICOP 1999: Consumer Price Index: Fuels and Lubricants for Personal Transport Equipment for Sweden",Monthly,Growth rate same period previous year
SWECPHP0702IXOBM,"Consumer Price Indices (CPIs, HICPs), COICOP 1999: Consumer Price Index: Fuels and Lubricants for Personal Transport Equipment for Sweden",Monthly,Index 2015=100
SWECPHP0800IXOBM,"Consumer Price Indices (CPIs, HICPs), COICOP 1999: Consumer Price Index: Communication for Sweden",Monthly,Index 2015=100
SWECPHP0900GYM,"Consumer Price Indices (CPIs, HICPs), COICOP 1999: Consumer Price Index: Recreation and Culture for Sweden",Monthly,Growth rate same period previous year
SWECPHP0900IXOBM,"Consumer Price Indices (CPIs, HICPs), COICOP 1999: Consumer Price Index: Recreation and Culture for Sweden",Monthly,Index 2015=100
SWECPHP1000GYM,"Consumer Price Indices (CPIs, HICPs), COICOP 1999: Consumer Price Index: Education for Sweden",Monthly,Growth rate same period previous year
SWECPHP1200GYM,"Consumer Price Indices (CPIs, HICPs), COICOP 1999: Consumer Price Index: Miscellaneous Goods and Services for Sweden",Monthly,Growth rate same period previous year
SWECPHPEN01GYM,"Consumer Price Indices (CPIs, HICPs), COICOP 1999: Consumer Price Index: Energy for Sweden",Monthly,Growth rate same period previous year
SWECPHPEN01IXOBM,"Consumer Price Indices (CPIs, HICPs), COICOP 1999: Consumer Price Index: Energy for Sweden",Monthly,Index 2015=100
SWECPHPLA01GYM,"Consumer Price Indices (CPIs, HICPs), COICOP 1999: Consumer Price Index: Overall Index Excluding Energy, Food, Alcohol and Tobacco for Sweden",Monthly,Growth rate same period previous year
SWECPHPLA01IXOBM,"Consumer Price Indices (CPIs, HICPs), COICOP 1999: Consumer Price Index: Overall Index Excluding Energy, Food, Alcohol and Tobacco for Sweden",Monthly,Index 2015=100
SWECPHPSE01GYM,"Consumer Price Indices (CPIs, HICPs), COICOP 1999: Consumer Price Index: Services for Sweden",Monthly,Growth rate same period previous year
SWECPHPSE01IXOBM,"Consumer Price Indices (CPIs, HICPs), COICOP 1999: Consumer Price Index: Services for Sweden",Monthly,Index 2015=100
SWECPIALLAINMEI,"Consumer Price Indices (CPIs, HICPs), COICOP 1999: Consumer Price Index: Total for Sweden",Annual,Index 2015=100
SWECPIALLMINMEI,"Consumer Price Indices (CPIs, HICPs), COICOP 1999: Consumer Price Index: Total for Sweden",Monthly,Index 2015=100
SWECPIALLQINMEI,"Consumer Price Indices (CPIs, HICPs), COICOP 1999: Consumer Price Index: Total for Sweden",Quarterly,Index 2015=100
SWECPICORAINMEI,"Consumer Price Indices (CPIs, HICPs), COICOP 1999: Consumer Price Index: All Items Non-Food Non-Energy for Sweden",Annual,Index 2015=100
SWECPICORMINMEI,"Consumer Price Indices (CPIs, HICPs), COICOP 1999: Consumer Price Index: All Items Non-Food Non-Energy for Sweden",Monthly,Index 2015=100
SWECPICORQINMEI,"Consumer Price Indices (CPIs, HICPs), COICOP 1999: Consumer Price Index: All Items Non-Food Non-Energy for Sweden",Quarterly,Index 2015=100
SWECPIENGAINMEI,"Consumer Price Indices (CPIs, HICPs), COICOP 1999: Consumer Price Index: Energy for Sweden",Annual,Index 2015=100
SWECPIENGMINMEI,"Consumer Price Indices (CPIs, HICPs), COICOP 1999: Consumer Price Index: Energy for Sweden",Monthly,Index 2015=100
SWECPIENGQINMEI,"Consumer Price Indices (CPIs, HICPs), COICOP 1999: Consumer Price Index: Energy for Sweden",Quarterly,Index 2015=100
SWECPIHICAINMEI,"Consumer Price Indices (CPIs, HICPs), COICOP 1999: Consumer Price Index: Total for Sweden",Annual,Index 2015=100
SWECPIHICMINMEI,"Consumer Price Indices (CPIs, HICPs), COICOP 1999: Consumer Price Index: Total for Sweden",Monthly,Index 2015=100
SWEGDPRAPSMEI,National Accounts: GDP by Expenditure: Constant Prices: Gross Domestic Product: Total for Sweden,Annual,Growth rate same period previous year
SWEGDPRQPSMEI,National Accounts: GDP by Expenditure: Constant Prices: Gross Domestic Product: Total for Sweden,Quarterly,Growth rate same period previous year
SWPT,Assets: Central Bank Liquidity Swaps: Central Bank Liquidity Swaps: Wednesday Level,"Weekly, As of Wednesday",Millions of U.S. Dollars
SWSTACCFDQGSP,Chain-Type Quantity Index for Real GDP: Accommodation and Food Services (72) in the Southwest BEA Region,Annual,Index 2017=100
SWSTACCOMDQQGSP,Chain-Type Quantity Index for Real GDP: Accommodation and Food Services (72) in the Southwest BEA Region,Quarterly,Index 2017=100
SWSTADMINWASTQGSP,Chain-Type Quantity Index for Real GDP: Administrative and Support and Waste Management and Remediation Services (56) in the Southwest BEA Region,Annual,Index 2017=100
SWSTADMINWASTQQGSP,Chain-Type Quantity Index for Real GDP: Administrative and Support and Waste Management and Remediation Services (56) in the Southwest BEA Region,Quarterly,Index 2017=100
SWSTAGRQGSP,"Chain-Type Quantity Index for Real GDP: Agriculture, Forestry, Fishing and Hunting (11) in the Southwest BEA Region",Annual,Index 2017=100
SWSTAGRQQGSP,"Chain-Type Quantity Index for Real GDP: Agriculture, Forestry, Fishing and Hunting (11) in the Southwest BEA Region",Quarterly,Index 2017=100
SWSTARTENTRECQGSP,"Chain-Type Quantity Index for Real GDP: Arts, Entertainment, and Recreation (71) in the Southwest BEA Region",Annual,Index 2017=100
SWSTARTENTRECQQGSP,"Chain-Type Quantity Index for Real GDP: Arts, Entertainment, and Recreation (71) in the Southwest BEA Region",Quarterly,Index 2017=100
SWSTARTETRTACCFDQGSP,"Chain-Type Quantity Index for Real GDP: Arts, Entertainment, Recreation, Accommodation, and Food Services (71, 72) in the Southwest BEA Region",Annual,Index 2017=100
SWSTCONSTQGSP,Chain-Type Quantity Index for Real GDP: Construction (23) in the Southwest BEA Region,Annual,Index 2017=100
SWSTCONSTQQGSP,Chain-Type Quantity Index for Real GDP: Construction (23) in the Southwest BEA Region,Quarterly,Index 2017=100
SWSTDURMANQGSP,"Chain-Type Quantity Index for Real GDP: Durable Goods Manufacturing (321, 327-339) in the Southwest BEA Region",Annual,Index 2017=100
SWSTDURMANQQGSP,"Chain-Type Quantity Index for Real GDP: Durable Goods Manufacturing (321, 327-339) in the Southwest BEA Region",Quarterly,Index 2017=100
SWSTEDCATQGSP,Chain-Type Quantity Index for Real GDP: Educational Services (61) in the Southwest BEA Region,Annual,Index 2017=100
SWSTEDCATQQGSP,Chain-Type Quantity Index for Real GDP: Educational Services (61) in the Southwest BEA Region,Quarterly,Index 2017=100
SWSTEDHLTHSOCASSQGSP,"Chain-Type Quantity Index for Real GDP: Educational Services, Health Care, and Social Assistance (61, 62) in the Southwest BEA Region",Annual,Index 2017=100
SWSTFININSQGSP,Chain-Type Quantity Index for Real GDP: Finance and Insurance (52) in the Southwest BEA Region,Annual,Index 2017=100
SWSTFININSQQGSP,Chain-Type Quantity Index for Real GDP: Finance and Insurance (52) in the Southwest BEA Region,Quarterly,Index 2017=100
SWSTFININSREALQGSP,"Chain-Type Quantity Index for Real GDP: Finance, Insurance, Real Estate, Rental, and Leasing (52, 53) in the Southwest BEA Region",Annual,Index 2017=100
SWSTGOVFEDCIVQGSP,Chain-Type Quantity Index for Real GDP: Federal Civilian in the Southwest BEA Region,Annual,Index 2017=100
SWSTGOVFEDMILQGSP,Chain-Type Quantity Index for Real GDP: Military in the Southwest BEA Region,Annual,Index 2017=100
SWSTGOVQGSP,Chain-Type Quantity Index for Real GDP: Government and Government Enterprises (92) in the Southwest BEA Region,Annual,Index 2017=100
SWSTGOVQQGSP,Chain-Type Quantity Index for Real GDP: Government and Government Enterprises (92) in the Southwest BEA Region,Quarterly,Index 2017=100
SWSTGOVSLQGSP,Chain-Type Quantity Index for Real GDP: State and Local in the Southwest BEA Region,Annual,Index 2017=100
SWSTHLTHSOCASSQGSP,Chain-Type Quantity Index for Real GDP: Health Care and Social Assistance (62) in the Southwest BEA Region,Annual,Index 2017=100
SWSTHLTHSOCASSQQGSP,Chain-Type Quantity Index for Real GDP: Health Care and Social Assistance (62) in the Southwest BEA Region,Quarterly,Index 2017=100
SWSTINFOQGSP,Chain-Type Quantity Index for Real GDP: Information (51) in the Southwest BEA Region,Annual,Index 2017=100
SWSTINFOQQGSP,Chain-Type Quantity Index for Real GDP: Information (51) in the Southwest BEA Region,Quarterly,Index 2017=100
SWSTMANQGSP,Chain-Type Quantity Index for Real GDP: Manufacturing (31-33) in the Southwest BEA Region,Annual,Index 2017=100
SWSTMANQQGSP,Chain-Type Quantity Index for Real GDP: Manufacturing (31-33) in the Southwest BEA Region,Quarterly,Index 2017=100
SWSTMINQGSP,"Chain-Type Quantity Index for Real GDP: Mining, Quarrying, and Oil and Gas Extraction (21) in the Southwest BEA Region",Annual,Index 2017=100
SWSTMINQQGSP,"Chain-Type Quantity Index for Real GDP: Mining, Quarrying, and Oil and Gas Extraction (21) in the Southwest BEA Region",Quarterly,Index 2017=100
SWSTMNGCOENTPRQGSP,Chain-Type Quantity Index for Real GDP: Management of Companies and Enterprises (55) in the Southwest BEA Region,Annual,Index 2017=100
SWSTMNGCOENTPRQQGSP,Chain-Type Quantity Index for Real GDP: Management of Companies and Enterprises (55) in the Southwest BEA Region,Quarterly,Index 2017=100
SWSTNATRESMINQGSP,"Chain-Type Quantity Index for Real GDP: Natural Resources and Mining (11, 21) in the Southwest BEA Region",Annual,Index 2017=100
SWSTNDURMANQGSP,"Chain-Type Quantity Index for Real GDP: Nondurable Goods Manufacturing (311-316, 322-326) in the Southwest BEA Region",Annual,Index 2017=100
SWSTNDURMANQQGSP,"Chain-Type Quantity Index for Real GDP: Nondurable Goods Manufacturing (311-316, 322-326) in the Southwest BEA Region",Quarterly,Index 2017=100
SWSTOTHSERVEQGSP,Chain-Type Quantity Index for Real GDP: Other Services (Except Government and Government Enterprises) (81) in the Southwest BEA Region,Annual,Index 2017=100
SWSTOTHSERVEQQGSP,Chain-Type Quantity Index for Real GDP: Other Services (Except Government and Government Enterprises) (81) in the Southwest BEA Region,Quarterly,Index 2017=100
SWSTPIQGSP,Chain-Type Quantity Index for Real GDP: Private Industries in the Southwest BEA Region,Annual,Index 2017=100
SWSTPIQQGSP,Chain-Type Quantity Index for Real GDP: Private Industries in the Southwest BEA Region,Quarterly,Index 2017=100
SWSTPRIGOODPROQGSP,Chain-Type Quantity Index for Real GDP: Private Goods-Producing Industries in the Southwest BEA Region,Annual,Index 2017=100
SWSTPRISERVPROQGSP,Chain-Type Quantity Index for Real GDP: Private Services-Providing Industries in the Southwest BEA Region,Annual,Index 2017=100
SWSTPROBUSQGSP,"Chain-Type Quantity Index for Real GDP: Professional and Business Services (54, 55, 56) in the Southwest BEA Region",Annual,Index 2017=100
SWSTPROBUSQQGSP,"Chain-Type Quantity Index for Real GDP: Professional, Scientific, and Technical Services (54) in the Southwest BEA Region",Quarterly,Index 2017=100
SWSTPROSCITCHQGSP,"Chain-Type Quantity Index for Real GDP: Professional, Scientific, and Technical Services (54) in the Southwest BEA Region",Annual,Index 2017=100
SWSTQGSP,Chain-Type Quantity Index for Real GDP: All Industry Total in the Southwest BEA Region,Annual,Index 2017=100
SWSTQQGSP,Chain-Type Quantity Index for Real GDP: All Industry Total in the Southwest BEA Region,Quarterly,Index 2017=100
SWSTRERENTLEAQGSP,Chain-Type Quantity Index for Real GDP: Real Estate and Rental and Leasing (53) in the Southwest BEA Region,Annual,Index 2017=100
SWSTRERENTLEAQQGSP,Chain-Type Quantity Index for Real GDP: Real Estate and Rental and Leasing (53) in the Southwest BEA Region,Quarterly,Index 2017=100
SWSTRETAILQGSP,Chain-Type Quantity Index for Real GDP: Retail Trade (44-45) in the Southwest BEA Region,Annual,Index 2017=100
SWSTRETAILQQGSP,Chain-Type Quantity Index for Real GDP: Retail Trade (44-45) in the Southwest BEA Region,Quarterly,Index 2017=100
SWSTTRADEQGSP,"Chain-Type Quantity Index for Real GDP: Trade (42, 44-45) in the Southwest BEA Region",Annual,Index 2017=100
SWSTTRANSUTILQGSP,"Chain-Type Quantity Index for Real GDP: Transportation and Utilities (22, 48-49) in the Southwest BEA Region",Annual,Index 2017=100
SWSTTRANSWAREQGSP,Chain-Type Quantity Index for Real GDP: Transportation and Warehousing (48-49) in the Southwest BEA Region,Annual,Index 2017=100
SWSTTRANSWAREQQGSP,Chain-Type Quantity Index for Real GDP: Transportation and Warehousing (48-49) in the Southwest BEA Region,Quarterly,Index 2017=100
SWSTUTILQGSP,Chain-Type Quantity Index for Real GDP: Utilities (22) in the Southwest BEA Region,Annual,Index 2017=100
SWSTUTILQQGSP,Chain-Type Quantity Index for Real GDP: Utilities (22) in the Southwest BEA Region,Quarterly,Index 2017=100
SWSTWHOLEQGSP,Chain-Type Quantity Index for Real GDP: Wholesale Trade (42) in the Southwest BEA Region,Annual,Index 2017=100
SWSTWHOLEQQGSP,Chain-Type Quantity Index for Real GDP: Wholesale Trade (42) in the Southwest BEA Region,Quarterly,Index 2017=100
SWZENEERIX,Nominal Effective Exchange Rate as Based on Consumer Price Index for Swaziland,Annual,Index
SWZEREERIX,Real Effective Exchange Rate as Based on Consumer Price Index for Swaziland,Annual,Index
SWZNGDPRPCPCPPPT,Real GDP Per Capita for Swaziland,Annual,Percent Change From Preceding Period
SWZNGDPXORPCPPPT,Real Non-Oil GDP for Swaziland,Annual,Percent Change From Preceding Period
SWZPCPIEOPPCPPPT,Consumer Prices at End of Period for Swaziland,Annual,Percent Change From Preceding Period
SWZPCPIPCPPPT,Consumer Prices: All Items for Swaziland,Annual,Percent Change From Preceding Period
SYCENEERIX,Nominal Effective Exchange Rate as Based on Consumer Price Index for Seychelles,Annual,Index
SYCEREERIX,Real Effective Exchange Rate as Based on Consumer Price Index for Seychelles,Annual,Index
SYCNGDPRPCPCPPPT,Real GDP Per Capita for Seychelles,Annual,Percent Change From Preceding Period
SYCNGDPXORPCPPPT,Real Non-Oil GDP for Seychelles,Annual,Percent Change From Preceding Period
SYCPCPIEOPPCPPPT,Consumer Prices at End of Period for Seychelles,Annual,Percent Change From Preceding Period
SYCPCPIPCPPPT,Consumer Prices: All Items for Seychelles,Annual,Percent Change From Preceding Period
T10Y2Y,10-Year Treasury Constant Maturity Minus 2-Year Treasury Constant Maturity,Daily,Percent
T10Y2YM,10-Year Treasury Constant Maturity Minus 2-Year Treasury Constant Maturity,Monthly,Percent
T10Y3M,10-Year Treasury Constant Maturity Minus 3-Month Treasury Constant Maturity,Daily,Percent
T10Y3MM,10-Year Treasury Constant Maturity Minus 3-Month Treasury Constant Maturity,Monthly,Percent
T10YFF,10-Year Treasury Constant Maturity Minus Federal Funds Rate,Daily,Percent
T10YFFM,10-Year Treasury Constant Maturity Minus Federal Funds Rate,Monthly,Percent
T10YIE,10-Year Breakeven Inflation Rate,Daily,Percent
T10YIEM,10-Year Breakeven Inflation Rate,Monthly,Percent
T1YFF,1-Year Treasury Constant Maturity Minus Federal Funds Rate,Daily,Percent
T1YFFM,1-Year Treasury Constant Maturity Minus Federal Funds Rate,Monthly,Percent
T20YIEM,20-year Breakeven Inflation Rate,Monthly,Percent
T30YIEM,30-year Breakeven Inflation Rate,Monthly,Percent
T3MFF,3-Month Treasury Constant Maturity Minus Federal Funds Rate,Daily,Percent
T3MFFM,3-Month Treasury Constant Maturity Minus Federal Funds Rate,Monthly,Percent
T5YFF,5-Year Treasury Constant Maturity Minus Federal Funds Rate,Daily,Percent
T5YFFM,5-Year Treasury Constant Maturity Minus Federal Funds Rate,Monthly,Percent
T5YIE,5-Year Breakeven Inflation Rate,Daily,Percent
T5YIEM,5-Year Breakeven Inflation Rate,Monthly,Percent
T5YIFR,"5-Year, 5-Year Forward Inflation Expectation Rate",Daily,Percent
T5YIFRM,"5-Year, 5-Year Forward Inflation Expectation Rate",Monthly,Percent
T6MFF,6-Month Treasury Constant Maturity Minus Federal Funds Rate,Daily,Percent
T6MFFM,6-Month Treasury Constant Maturity Minus Federal Funds Rate,Monthly,Percent
T7YIEM,7-year Breakeven Inflation Rate,Monthly,Percent
TASACBQ158SBOG,"Treasury and Agency Securities, All Commercial Banks",Quarterly,Percent Change at Annual Rate
TASACBW027NBOG,"Treasury and Agency Securities, All Commercial Banks","Weekly, Ending Wednesday",Billions of U.S. Dollars
TASACBW027SBOG,"Treasury and Agency Securities, All Commercial Banks","Weekly, Ending Wednesday",Billions of U.S. Dollars
TASDCBM027NBOG,"Treasury and Agency Securities, Domestically Chartered Commercial Banks",Monthly,Billions of U.S. Dollars
TASDCBM027SBOG,"Treasury and Agency Securities, Domestically Chartered Commercial Banks",Monthly,Billions of U.S. Dollars
TASDCBW027NBOG,"Treasury and Agency Securities, Domestically Chartered Commercial Banks","Weekly, Ending Wednesday",Billions of U.S. Dollars
TASDCBW027SBOG,"Treasury and Agency Securities, Domestically Chartered Commercial Banks","Weekly, Ending Wednesday",Billions of U.S. Dollars
TASFRIM027NBOG,"Treasury and Agency Securities, Foreign-Related Institutions",Monthly,Billions of U.S. Dollars
TASFRIM027SBOG,"Treasury and Agency Securities, Foreign-Related Institutions",Monthly,Billions of U.S. Dollars
TASFRIW027NBOG,"Treasury and Agency Securities, Foreign-Related Institutions","Weekly, Ending Wednesday",Billions of U.S. Dollars
TASFRIW027SBOG,"Treasury and Agency Securities, Foreign-Related Institutions","Weekly, Ending Wednesday",Billions of U.S. Dollars
TASLCBM027NBOG,"Treasury and Agency Securities, Large Domestically Chartered Commercial Banks",Monthly,Billions of U.S. Dollars
TASLCBM027SBOG,"Treasury and Agency Securities, Large Domestically Chartered Commercial Banks",Monthly,Billions of U.S. Dollars
TASLCBW027NBOG,"Treasury and Agency Securities, Large Domestically Chartered Commercial Banks","Weekly, Ending Wednesday",Billions of U.S. Dollars
TASLCBW027SBOG,"Treasury and Agency Securities, Large Domestically Chartered Commercial Banks","Weekly, Ending Wednesday",Billions of U.S. Dollars
TASSCBM027NBOG,"Treasury and Agency Securities, Small Domestically Chartered Commercial Banks",Monthly,Billions of U.S. Dollars
TASSCBM027SBOG,"Treasury and Agency Securities, Small Domestically Chartered Commercial Banks",Monthly,Billions of U.S. Dollars
TASSCBW027NBOG,"Treasury and Agency Securities, Small Domestically Chartered Commercial Banks","Weekly, Ending Wednesday",Billions of U.S. Dollars
TASSCBW027SBOG,"Treasury and Agency Securities, Small Domestically Chartered Commercial Banks","Weekly, Ending Wednesday",Billions of U.S. Dollars
TB1YR,"1-Year Treasury Bill Secondary Market Rate, Discount Basis",Monthly,Percent
TB3MS,"3-Month Treasury Bill Secondary Market Rate, Discount Basis",Monthly,Percent
TB3SMFFM,3-Month Treasury Bill Minus Federal Funds Rate,Monthly,Percent
TB4WK,"4-Week Treasury Bill Secondary Market Rate, Discount Basis",Monthly,Percent
TB6MS,"6-Month Treasury Bill Secondary Market Rate, Discount Basis",Monthly,Percent
TB6SMFFM,6-Month Treasury Bill Minus Federal Funds Rate,Monthly,Percent
TCDENEERIX,Nominal Effective Exchange Rate as Based on Consumer Price Index for Chad,Annual,Index
TCDEREERIX,Real Effective Exchange Rate as Based on Consumer Price Index for Chad,Annual,Index
TCDNGDPRPCPCPPPT,Real GDP Per Capita for Chad,Annual,Percent Change From Preceding Period
TCDNGDPXORPCPPPT,Real Non-Oil GDP for Chad,Annual,Percent Change From Preceding Period
TCDPCPIEOPPCPPPT,Consumer Prices at End of Period for Chad,Annual,Percent Change From Preceding Period
TCDPCPIPCPPPT,Consumer Prices: All Items for Chad,Annual,Percent Change From Preceding Period
TEMPHELPS,"All Employees, Temporary Help Services",Monthly,Thousands of Persons
TENEXPCHAINFRISPRE,Inflation Risk Premium,Monthly,Percent
TERMCBCCALLNS,"Commercial Bank Interest Rate on Credit Card Plans, All Accounts",Monthly,Percent
TERMCBCCINTNS,"Commercial Bank Interest Rate on Credit Card Plans, Accounts Assessed Interest",Monthly,Percent
TGOENEERIX,Nominal Effective Exchange Rate as Based on Consumer Price Index for Togo,Annual,Index
TGOEREERIX,Real Effective Exchange Rate as Based on Consumer Price Index for Togo,Annual,Index
TGONGDPRPCPCPPPT,Real GDP Per Capita for Togo,Annual,Percent Change From Preceding Period
TGONGDPXORPCPPPT,Real Non-Oil GDP for Togo,Annual,Percent Change From Preceding Period
TGOPCPIEOPPCPPPT,Consumer Prices at End of Period for Togo,Annual,Percent Change From Preceding Period
TGOPCPIPCPPPT,Consumer Prices: All Items for Togo,Annual,Percent Change From Preceding Period
THAPCPIPCPPPT,Prices: Consumer Price Index for Thailand,Annual,Percent Change
THREEFF1,Fitted Instantaneous Forward Rate 1 Year Hence,Daily,Percent
THREEFF10,Fitted Instantaneous Forward Rate 10 Years Hence,Daily,Percent
THREEFF2,Fitted Instantaneous Forward Rate 2 Years Hence,Daily,Percent
THREEFF3,Fitted Instantaneous Forward Rate 3 Years Hence,Daily,Percent
THREEFF4,Fitted Instantaneous Forward Rate 4 Years Hence,Daily,Percent
THREEFF5,Fitted Instantaneous Forward Rate 5 Years Hence,Daily,Percent
THREEFF6,Fitted Instantaneous Forward Rate 6 Years Hence,Daily,Percent
THREEFF7,Fitted Instantaneous Forward Rate 7 Years Hence,Daily,Percent
THREEFF8,Fitted Instantaneous Forward Rate 8 Years Hence,Daily,Percent
THREEFF9,Fitted Instantaneous Forward Rate 9 Years Hence,Daily,Percent
THREEFFTP1,Instantaneous Forward Term Premium 1 Year Hence,Daily,Percent
THREEFFTP10,Instantaneous Forward Term Premium 10 Years Hence,Daily,Percent
THREEFFTP2,Instantaneous Forward Term Premium 2 Years Hence,Daily,Percent
THREEFFTP3,Instantaneous Forward Term Premium 3 Years Hence,Daily,Percent
THREEFFTP4,Instantaneous Forward Term Premium 4 Years Hence,Daily,Percent
THREEFFTP5,Instantaneous Forward Term Premium 5 Years Hence,Daily,Percent
THREEFFTP6,Instantaneous Forward Term Premium 6 Years Hence,Daily,Percent
THREEFFTP7,Instantaneous Forward Term Premium 7 Years Hence,Daily,Percent
THREEFFTP8,Instantaneous Forward Term Premium 8 Years Hence,Daily,Percent
THREEFFTP9,Instantaneous Forward Term Premium 9 Years Hence,Daily,Percent
THREEFY1,Fitted Yield on a 1 Year Zero Coupon Bond,Daily,Percent
THREEFY10,Fitted Yield on a 10 Year Zero Coupon Bond,Daily,Percent
THREEFY2,Fitted Yield on a 2 Year Zero Coupon Bond,Daily,Percent
THREEFY3,Fitted Yield on a 3 Year Zero Coupon Bond,Daily,Percent
THREEFY4,Fitted Yield on a 4 Year Zero Coupon Bond,Daily,Percent
THREEFY5,Fitted Yield on a 5 Year Zero Coupon Bond,Daily,Percent
THREEFY6,Fitted Yield on a 6 Year Zero Coupon Bond,Daily,Percent
THREEFY7,Fitted Yield on a 7 Year Zero Coupon Bond,Daily,Percent
THREEFY8,Fitted Yield on a 8 Year Zero Coupon Bond,Daily,Percent
THREEFY9,Fitted Yield on a 9 Year Zero Coupon Bond,Daily,Percent
THREEFYTP1,Term Premium on a 1 Year Zero Coupon Bond,Daily,Percent
THREEFYTP10,Term Premium on a 10 Year Zero Coupon Bond,Daily,Percent
THREEFYTP2,Term Premium on a 2 Year Zero Coupon Bond,Daily,Percent
THREEFYTP3,Term Premium on a 3 Year Zero Coupon Bond,Daily,Percent
THREEFYTP4,Term Premium on a 4 Year Zero Coupon Bond,Daily,Percent
THREEFYTP5,Term Premium on a 5 Year Zero Coupon Bond,Daily,Percent
THREEFYTP6,Term Premium on a 6 Year Zero Coupon Bond,Daily,Percent
THREEFYTP7,Term Premium on a 7 Year Zero Coupon Bond,Daily,Percent
THREEFYTP8,Term Premium on a 8 Year Zero Coupon Bond,Daily,Percent
THREEFYTP9,Term Premium on a 9 Year Zero Coupon Bond,Daily,Percent
TJKPCPICOREPCHPT,Core Consumer Price Inflation for Tajikistan,Annual,Percent Change
TJKPCPIPCHPT,Consumer Price Inflation for Tajikistan,Annual,Percent Change
TLSPCPIPCPPPT,Prices: Consumer Price Index for Timor-Leste,Annual,Percent Change
TMBACBM027NBOG,"Treasury and Agency Securities: Mortgage-Backed Securities (MBS), All Commercial Banks",Monthly,Billions of U.S. Dollars
TMBACBM027SBOG,"Treasury and Agency Securities: Mortgage-Backed Securities (MBS), All Commercial Banks",Monthly,Billions of U.S. Dollars
TMBACBW027NBOG,"Treasury and Agency Securities: Mortgage-Backed Securities (MBS), All Commercial Banks","Weekly, Ending Wednesday",Billions of U.S. Dollars
TMBACBW027SBOG,"Treasury and Agency Securities: Mortgage-Backed Securities (MBS), All Commercial Banks","Weekly, Ending Wednesday",Billions of U.S. Dollars
TMBDCBM027NBOG,"Treasury and Agency Securities: Mortgage-Backed Securities (MBS), Domestically Chartered Commercial Banks",Monthly,Billions of U.S. Dollars
TMBDCBM027SBOG,"Treasury and Agency Securities: Mortgage-Backed Securities (MBS), Domestically Chartered Commercial Banks",Monthly,Billions of U.S. Dollars
TMBDCBW027NBOG,"Treasury and Agency Securities: Mortgage-Backed Securities (MBS), Domestically Chartered Commercial Banks","Weekly, Ending Wednesday",Billions of U.S. Dollars
TMBDCBW027SBOG,"Treasury and Agency Securities: Mortgage-Backed Securities (MBS), Domestically Chartered Commercial Banks","Weekly, Ending Wednesday",Billions of U.S. Dollars
TMBFRIM027NBOG,"Treasury and Agency Securities: Mortgage-Backed Securities (MBS), Foreign-Related Institutions",Monthly,Billions of U.S. Dollars
TMBFRIM027SBOG,"Treasury and Agency Securities: Mortgage-Backed Securities (MBS), Foreign-Related Institutions",Monthly,Billions of U.S. Dollars
TMBFRIW027NBOG,"Treasury and Agency Securities: Mortgage-Backed Securities (MBS), Foreign-Related Institutions","Weekly, Ending Wednesday",Billions of U.S. Dollars
TMBFRIW027SBOG,"Treasury and Agency Securities: Mortgage-Backed Securities (MBS), Foreign-Related Institutions","Weekly, Ending Wednesday",Billions of U.S. Dollars
TMBLCBM027NBOG,"Treasury and Agency Securities: Mortgage-Backed Securities (MBS), Large Domestically Chartered Commercial Banks",Monthly,Billions of U.S. Dollars
TMBLCBM027SBOG,"Treasury and Agency Securities: Mortgage-Backed Securities (MBS), Large Domestically Chartered Commercial Banks",Monthly,Billions of U.S. Dollars
TMBLCBW027NBOG,"Treasury and Agency Securities: Mortgage-Backed Securities (MBS), Large Domestically Chartered Commercial Banks","Weekly, Ending Wednesday",Billions of U.S. Dollars
TMBLCBW027SBOG,"Treasury and Agency Securities: Mortgage-Backed Securities (MBS), Large Domestically Chartered Commercial Banks","Weekly, Ending Wednesday",Billions of U.S. Dollars
TMBSCBM027NBOG,"Treasury and Agency Securities: Mortgage-Backed Securities (MBS), Small Domestically Chartered Commercial Banks",Monthly,Billions of U.S. Dollars
TMBSCBM027SBOG,"Treasury and Agency Securities: Mortgage-Backed Securities (MBS), Small Domestically Chartered Commercial Banks",Monthly,Billions of U.S. Dollars
TMBSCBW027NBOG,"Treasury and Agency Securities: Mortgage-Backed Securities (MBS), Small Domestically Chartered Commercial Banks","Weekly, Ending Wednesday",Billions of U.S. Dollars
TMBSCBW027SBOG,"Treasury and Agency Securities: Mortgage-Backed Securities (MBS), Small Domestically Chartered Commercial Banks","Weekly, Ending Wednesday",Billions of U.S. Dollars
TNACCFDQGSP,Chain-Type Quantity Index for Real GDP: Accommodation and Food Services (72) in Tennessee,Annual,Index 2017=100
TNACCOMDQQGSP,Chain-Type Quantity Index for Real GDP: Accommodation and Food Services (72) in Tennessee,Quarterly,Index 2017=100
TNADMINWASTQGSP,Chain-Type Quantity Index for Real GDP: Administrative and Support and Waste Management and Remediation Services (56) in Tennessee,Annual,Index 2017=100
TNADMINWASTQQGSP,Chain-Type Quantity Index for Real GDP: Administrative and Support and Waste Management and Remediation Services (56) in Tennessee,Quarterly,Index 2017=100
TNAGRQGSP,"Chain-Type Quantity Index for Real GDP: Agriculture, Forestry, Fishing and Hunting (11) in Tennessee",Annual,Index 2017=100
TNAGRQQGSP,"Chain-Type Quantity Index for Real GDP: Agriculture, Forestry, Fishing and Hunting (11) in Tennessee",Quarterly,Index 2017=100
TNARTENTRECQGSP,"Chain-Type Quantity Index for Real GDP: Arts, Entertainment, and Recreation (71) in Tennessee",Annual,Index 2017=100
TNARTENTRECQQGSP,"Chain-Type Quantity Index for Real GDP: Arts, Entertainment, and Recreation (71) in Tennessee",Quarterly,Index 2017=100
TNARTETRTACCFDQGSP,"Chain-Type Quantity Index for Real GDP: Arts, Entertainment, Recreation, Accommodation, and Food Services (71, 72) in Tennessee",Annual,Index 2017=100
TNCCLAIMS,Continued Claims (Insured Unemployment) in Tennessee,"Weekly, Ending Saturday",Number
TNCEMPLOY,Covered Employment in Tennessee,"Weekly, Ending Saturday",Number
TNCONSTQGSP,Chain-Type Quantity Index for Real GDP: Construction (23) in Tennessee,Annual,Index 2017=100
TNCONSTQQGSP,Chain-Type Quantity Index for Real GDP: Construction (23) in Tennessee,Quarterly,Index 2017=100
TNDURMANQGSP,"Chain-Type Quantity Index for Real GDP: Durable Goods Manufacturing (321, 327-339) in Tennessee",Annual,Index 2017=100
TNDURMANQQGSP,"Chain-Type Quantity Index for Real GDP: Durable Goods Manufacturing (321, 327-339) in Tennessee",Quarterly,Index 2017=100
TNEDCATQGSP,Chain-Type Quantity Index for Real GDP: Educational Services (61) in Tennessee,Annual,Index 2017=100
TNEDCATQQGSP,Chain-Type Quantity Index for Real GDP: Educational Services (61) in Tennessee,Quarterly,Index 2017=100
TNEDHLTHSOCASSQGSP,"Chain-Type Quantity Index for Real GDP: Educational Services, Health Care, and Social Assistance (61, 62) in Tennessee",Annual,Index 2017=100
TNFININSQGSP,Chain-Type Quantity Index for Real GDP: Finance and Insurance (52) in Tennessee,Annual,Index 2017=100
TNFININSQQGSP,Chain-Type Quantity Index for Real GDP: Finance and Insurance (52) in Tennessee,Quarterly,Index 2017=100
TNFININSREALQGSP,"Chain-Type Quantity Index for Real GDP: Finance, Insurance, Real Estate, Rental, and Leasing (52, 53) in Tennessee",Annual,Index 2017=100
TNGOVFEDCIVQGSP,Chain-Type Quantity Index for Real GDP: Federal Civilian in Tennessee,Annual,Index 2017=100
TNGOVFEDMILQGSP,Chain-Type Quantity Index for Real GDP: Military in Tennessee,Annual,Index 2017=100
TNGOVQGSP,Chain-Type Quantity Index for Real GDP: Government and Government Enterprises (92) in Tennessee,Annual,Index 2017=100
TNGOVQQGSP,Chain-Type Quantity Index for Real GDP: Government and Government Enterprises (92) in Tennessee,Quarterly,Index 2017=100
TNGOVSLQGSP,Chain-Type Quantity Index for Real GDP: State and Local in Tennessee,Annual,Index 2017=100
TNHLTHSOCASSQGSP,Chain-Type Quantity Index for Real GDP: Health Care and Social Assistance (62) in Tennessee,Annual,Index 2017=100
TNHLTHSOCASSQQGSP,Chain-Type Quantity Index for Real GDP: Health Care and Social Assistance (62) in Tennessee,Quarterly,Index 2017=100
TNINFOQGSP,Chain-Type Quantity Index for Real GDP: Information (51) in Tennessee,Annual,Index 2017=100
TNINFOQQGSP,Chain-Type Quantity Index for Real GDP: Information (51) in Tennessee,Quarterly,Index 2017=100
TNINSUREDUR,Insured Unemployment Rate in Tennessee,"Weekly, Ending Saturday",Percent
TNMACBM027NBOG,"Treasury and Agency Securities: Non-MBS, All Commercial Banks",Monthly,Billions of U.S. Dollars
TNMACBM027SBOG,"Treasury and Agency Securities: Non-MBS, All Commercial Banks",Monthly,Billions of U.S. Dollars
TNMACBW027NBOG,"Treasury and Agency Securities: Non-MBS, All Commercial Banks","Weekly, Ending Wednesday",Billions of U.S. Dollars
TNMACBW027SBOG,"Treasury and Agency Securities: Non-MBS, All Commercial Banks","Weekly, Ending Wednesday",Billions of U.S. Dollars
TNMANQGSP,Chain-Type Quantity Index for Real GDP: Manufacturing (31-33) in Tennessee,Annual,Index 2017=100
TNMANQQGSP,Chain-Type Quantity Index for Real GDP: Manufacturing (31-33) in Tennessee,Quarterly,Index 2017=100
TNMDCBM027NBOG,"Treasury and Agency Securities: Non-MBS, Domestically Chartered Commercial Banks",Monthly,Billions of U.S. Dollars
TNMDCBM027SBOG,"Treasury and Agency Securities: Non-MBS, Domestically Chartered Commercial Banks",Monthly,Billions of U.S. Dollars
TNMDCBW027NBOG,"Treasury and Agency Securities: Non-MBS, Domestically Chartered Commercial Banks","Weekly, Ending Wednesday",Billions of U.S. Dollars
TNMDCBW027SBOG,"Treasury and Agency Securities: Non-MBS, Domestically Chartered Commercial Banks","Weekly, Ending Wednesday",Billions of U.S. Dollars
TNMFRIM027NBOG,"Treasury and Agency Securities: Non-MBS, Foreign-Related Institutions",Monthly,Billions of U.S. Dollars
TNMFRIM027SBOG,"Treasury and Agency Securities: Non-MBS, Foreign-Related Institutions",Monthly,Billions of U.S. Dollars
TNMFRIW027NBOG,"Treasury and Agency Securities: Non-MBS, Foreign-Related Institutions","Weekly, Ending Wednesday",Billions of U.S. Dollars
TNMFRIW027SBOG,"Treasury and Agency Securities: Non-MBS, Foreign-Related Institutions","Weekly, Ending Wednesday",Billions of U.S. Dollars
TNMINQGSP,"Chain-Type Quantity Index for Real GDP: Mining, Quarrying, and Oil and Gas Extraction (21) in Tennessee",Annual,Index 2017=100
TNMINQQGSP,"Chain-Type Quantity Index for Real GDP: Mining, Quarrying, and Oil and Gas Extraction (21) in Tennessee",Quarterly,Index 2017=100
TNMLCBM027NBOG,"Treasury and Agency Securities: Non-MBS, Large Domestically Chartered Commercial Banks",Monthly,Billions of U.S. Dollars
TNMLCBM027SBOG,"Treasury and Agency Securities: Non-MBS, Large Domestically Chartered Commercial Banks",Monthly,Billions of U.S. Dollars
TNMLCBW027NBOG,"Treasury and Agency Securities: Non-MBS, Large Domestically Chartered Commercial Banks","Weekly, Ending Wednesday",Billions of U.S. Dollars
TNMLCBW027SBOG,"Treasury and Agency Securities: Non-MBS, Large Domestically Chartered Commercial Banks","Weekly, Ending Wednesday",Billions of U.S. Dollars
TNMNGCOENTPRQGSP,Chain-Type Quantity Index for Real GDP: Management of Companies and Enterprises (55) in Tennessee,Annual,Index 2017=100
TNMNGCOENTPRQQGSP,Chain-Type Quantity Index for Real GDP: Management of Companies and Enterprises (55) in Tennessee,Quarterly,Index 2017=100
TNMSCBM027NBOG,"Treasury and Agency Securities: Non-MBS, Small Domestically Chartered Commercial Banks",Monthly,Billions of U.S. Dollars
TNMSCBM027SBOG,"Treasury and Agency Securities: Non-MBS, Small Domestically Chartered Commercial Banks",Monthly,Billions of U.S. Dollars
TNMSCBW027NBOG,"Treasury and Agency Securities: Non-MBS, Small Domestically Chartered Commercial Banks","Weekly, Ending Wednesday",Billions of U.S. Dollars
TNMSCBW027SBOG,"Treasury and Agency Securities: Non-MBS, Small Domestically Chartered Commercial Banks","Weekly, Ending Wednesday",Billions of U.S. Dollars
TNNATRESMINQGSP,"Chain-Type Quantity Index for Real GDP: Natural Resources and Mining (11, 21) in Tennessee",Annual,Index 2017=100
TNNDURMANQGSP,"Chain-Type Quantity Index for Real GDP: Nondurable Goods Manufacturing (311-316, 322-326) in Tennessee",Annual,Index 2017=100
TNNDURMANQQGSP,"Chain-Type Quantity Index for Real GDP: Nondurable Goods Manufacturing (311-316, 322-326) in Tennessee",Quarterly,Index 2017=100
TNOBEN,State Unemployment Benefits in Tennessee,Quarterly,Thousands of Dollars
TNOTHSERVEQGSP,Chain-Type Quantity Index for Real GDP: Other Services (Except Government and Government Enterprises) (81) in Tennessee,Annual,Index 2017=100
TNOTHSERVEQQGSP,Chain-Type Quantity Index for Real GDP: Other Services (Except Government and Government Enterprises) (81) in Tennessee,Quarterly,Index 2017=100
TNPIQGSP,Chain-Type Quantity Index for Real GDP: Private Industries in Tennessee,Annual,Index 2017=100
TNPIQQGSP,Chain-Type Quantity Index for Real GDP: Private Industries in Tennessee,Quarterly,Index 2017=100
TNPRIGOODPROQGSP,Chain-Type Quantity Index for Real GDP: Private Goods-Producing Industries in Tennessee,Annual,Index 2017=100
TNPRISERVPROQGSP,Chain-Type Quantity Index for Real GDP: Private Services-Providing Industries in Tennessee,Annual,Index 2017=100
TNPROBUSQGSP,"Chain-Type Quantity Index for Real GDP: Professional and Business Services (54, 55, 56) in Tennessee",Annual,Index 2017=100
TNPROBUSQQGSP,"Chain-Type Quantity Index for Real GDP: Professional, Scientific, and Technical Services (54) in Tennessee",Quarterly,Index 2017=100
TNPROSCITCHQGSP,"Chain-Type Quantity Index for Real GDP: Professional, Scientific, and Technical Services (54) in Tennessee",Annual,Index 2017=100
TNQGSP,Chain-Type Quantity Index for Real GDP: All Industry Total in Tennessee,Annual,Index 2017=100
TNQQGSP,Chain-Type Quantity Index for Real GDP: All Industry Total in Tennessee,Quarterly,Index 2017=100
TNRERENTLEAQGSP,Chain-Type Quantity Index for Real GDP: Real Estate and Rental and Leasing (53) in Tennessee,Annual,Index 2017=100
TNRERENTLEAQQGSP,Chain-Type Quantity Index for Real GDP: Real Estate and Rental and Leasing (53) in Tennessee,Quarterly,Index 2017=100
TNRETAILQGSP,Chain-Type Quantity Index for Real GDP: Retail Trade (44-45) in Tennessee,Annual,Index 2017=100
TNRETAILQQGSP,Chain-Type Quantity Index for Real GDP: Retail Trade (44-45) in Tennessee,Quarterly,Index 2017=100
TNTRADEQGSP,"Chain-Type Quantity Index for Real GDP: Trade (42, 44-45) in Tennessee",Annual,Index 2017=100
TNTRANSUTILQGSP,"Chain-Type Quantity Index for Real GDP: Transportation and Utilities (22, 48-49) in Tennessee",Annual,Index 2017=100
TNTRANSWAREQGSP,Chain-Type Quantity Index for Real GDP: Transportation and Warehousing (48-49) in Tennessee,Annual,Index 2017=100
TNTRANSWAREQQGSP,Chain-Type Quantity Index for Real GDP: Transportation and Warehousing (48-49) in Tennessee,Quarterly,Index 2017=100
TNUR,Unemployment Rate in Tennessee,Monthly,Percent
TNURN,Unemployment Rate in Tennessee,Monthly,Percent
TNUTILQGSP,Chain-Type Quantity Index for Real GDP: Utilities (22) in Tennessee,Annual,Index 2017=100
TNUTILQQGSP,Chain-Type Quantity Index for Real GDP: Utilities (22) in Tennessee,Quarterly,Index 2017=100
TNWHOLEQGSP,Chain-Type Quantity Index for Real GDP: Wholesale Trade (42) in Tennessee,Annual,Index 2017=100
TNWHOLEQQGSP,Chain-Type Quantity Index for Real GDP: Wholesale Trade (42) in Tennessee,Quarterly,Index 2017=100
TONPCPIPCPPPT,Prices: Consumer Price Index for Tonga,Annual,Percent Change
TOTALCTBCALMI15XM086NEST,Harmonized Index of Consumer Prices: Overall Index Excluding Alcohol and Tobacco for Albania,Monthly,Index 2015=100
TOTALCTBCEA20MI15XM,Harmonized Index of Consumer Prices: Overall Index Excluding Alcohol and Tobacco for Euro Area (20 Countries),Monthly,Index 2015=100
TOTALCTBCMEMI15XM086NEST,Harmonized Index of Consumer Prices: Overall Index Excluding Alcohol and Tobacco for Montenegro,Monthly,Index 2015=100
TOTALCTBCXKMI15XM086NEST,Harmonized Index of Consumer Prices: Overall Index Excluding Alcohol and Tobacco for Kosovo,Monthly,Index 2015=100
TOTAPEA20MI15XM086NEST,Harmonized Index of Consumer Prices: All Items Excluding Mainly Administered Prices for Euro Area (20 Countries),Monthly,Index 2015=100
TOTAPFEA20MI15XM086NEST,Harmonized Index of Consumer Prices: All Items Excluding Fully Administered Prices for Euro Area (20 Countries),Monthly,Index 2015=100
TOTAPFMEMI15XM086NEST,Harmonized Index of Consumer Prices: All Items Excluding Fully Administered Prices for Montenegro,Monthly,Index 2015=100
TOTAPMEA20MI15XM086NEST,Harmonized Index of Consumer Prices: All Items Excluding Mainly Administered Prices for Euro Area (20 Countries),Monthly,Index 2015=100
TOTAPMEMI15XM086NEST,Harmonized Index of Consumer Prices: All Items Excluding Mainly Administered Prices for Montenegro,Monthly,Index 2015=100
TOTAPMMEMI15XM086NEST,Harmonized Index of Consumer Prices: All Items Excluding Mainly Administered Prices for Montenegro,Monthly,Index 2015=100
TOTEDUCHLTHSPRALMI15XM,"Harmonized Index of Consumer Prices: Overall Index Excluding Education, Health, and Social Protection for Albania",Monthly,Index 2015=100
TOTEDUCHLTHSPREA20MI15XM,"Harmonized Index of Consumer Prices: Overall Index Excluding Education, Health, and Social Protection for Euro Area (20 Countries)",Monthly,Index 2015=100
TOTEDUCHLTHSPRMEMI15XM,"Harmonized Index of Consumer Prices: Overall Index Excluding Education, Health, and Social Protection for Montenegro",Monthly,Index 2015=100
TOTEDUCHLTHSPRXKMI15XM,"Harmonized Index of Consumer Prices: Overall Index Excluding Education, Health, and Social Protection for Kosovo",Monthly,Index 2015=100
TOTFOODSALMI15XM086NEST,Harmonized Index of Consumer Prices: Overall Index Excluding Seasonal Food for Albania,Monthly,Index 2015=100
TOTFOODSEA20MI15XM086NEST,Harmonized Index of Consumer Prices: Overall Index Excluding Seasonal Food for Euro Area (20 Countries),Monthly,Index 2015=100
TOTFOODSMEMI15XM086NEST,Harmonized Index of Consumer Prices: Overall Index Excluding Seasonal Food for Montenegro,Monthly,Index 2015=100
TOTFOODSXKMI15XM086NEST,Harmonized Index of Consumer Prices: Overall Index Excluding Seasonal Food for Kosovo,Monthly,Index 2015=100
TOTFROOPPEA20MI15XM,Harmonized Index of Consumer Prices: Overall Index Excluding Frequent Out-OF-Pocket Purchases for Euro Area (20 Countries),Monthly,Index 2015=100
TOTFUELALMI15XM086NEST,Harmonized Index of Consumer Prices: Overall Index Excluding Liquid Fuels and Lubricants for Personal Transport Equipment for Albania,Monthly,Index 2015=100
TOTFUELEA20MI15XM086NEST,Harmonized Index of Consumer Prices: Overall Index Excluding Liquid Fuels and Lubricants for Personal Transport Equipment for Euro Area (20 Countries),Monthly,Index 2015=100
TOTFUELMEMI15XM086NEST,Harmonized Index of Consumer Prices: Overall Index Excluding Liquid Fuels and Lubricants for Personal Transport Equipment for Montenegro,Monthly,Index 2015=100
TOTFUELXKMI15XM086NEST,Harmonized Index of Consumer Prices: Overall Index Excluding Liquid Fuels and Lubricants for Personal Transport Equipment for Kosovo,Monthly,Index 2015=100
TOTHOUSALMI15XM086NEST,"Harmonized Index of Consumer Prices: Overall Index Excluding Housing, Water, Electricity, Gas, and Other Fuels for Albania",Monthly,Index 2015=100
TOTHOUSEA20MI15XM086NEST,"Harmonized Index of Consumer Prices: Overall Index Excluding Housing, Water, Electricity, Gas, and Other Fuels for Euro Area (20 Countries)",Monthly,Index 2015=100
TOTHOUSMEMI15XM086NEST,"Harmonized Index of Consumer Prices: Overall Index Excluding Housing, Water, Electricity, Gas, and Other Fuels for Montenegro",Monthly,Index 2015=100
TOTHOUSXKMI15XM086NEST,"Harmonized Index of Consumer Prices: Overall Index Excluding Housing, Water, Electricity, Gas, and Other Fuels for Kosovo",Monthly,Index 2015=100
TOTL2564,Unemployment Rate - 25 to 64 years,Monthly,Percent
TOTL2564M,"Unemployment Rate - 25 to 64 years, Men",Monthly,Percent
TOTL2564W,"Unemployment Rate - 25 to 64 years, Women",Monthly,Percent
TOTLU1617,Unemployment Level - 16 to 17 years,Monthly,Thousands of Persons
TOTLU1819,Unemployment Level - 18 to 19 years,Monthly,Thousands of Persons
TOTLU2534,Unemployment Level - 25 to 34 years,Monthly,Thousands of Persons
TOTLU2564,Unemployment Level - 25 to 64 years,Monthly,Thousands of Persons
TOTLU25O,Unemployment Level - 25 years and over,Monthly,Thousands of Persons
TOTLU3544,Unemployment Level - 35 to 44 years,Monthly,Thousands of Persons
TOTLU4554,Unemployment Level - 45 to 54 years,Monthly,Thousands of Persons
TOTLU5564,Unemployment Level - 55 to 64 years,Monthly,Thousands of Persons
TOTLU65O,Unemployment Level - 65 years and over,Monthly,Thousands of Persons
TOTLUM1617,"Unemployment Level - 16 to 17 years, Men",Monthly,Thousands of Persons
TOTLUM1619,"Unemployment Level - 16 to 19 years, Men",Monthly,Thousands of Persons
TOTLUM1819,"Unemployment Level - 18 to 19 years, Men",Monthly,Thousands of Persons
TOTLUM2024,"Unemployment Level - 20 to 24 years, Men",Monthly,Thousands of Persons
TOTLUM2534,"Unemployment Level - 25 to 34 years, Men",Monthly,Thousands of Persons
TOTLUM2564,"Unemployment Level - 25 to 64 years, Men",Monthly,Thousands of Persons
TOTLUM25O,"Unemployment Level - 25 years and over, Men",Monthly,Thousands of Persons
TOTLUM3544,"Unemployment Level - 35 to 44 years, Men",Monthly,Thousands of Persons
TOTLUM4554,"Unemployment Level - 45 to 54 years, Men",Monthly,Thousands of Persons
TOTLUM5564,"Unemployment Level - 55 to 64 years, Men",Monthly,Thousands of Persons
TOTLUM65O,"Unemployment Level - 65 years and over, Men",Monthly,Thousands of Persons
TOTLUW1617,"Unemployment Level - 16 to 17 years, Women",Monthly,Thousands of Persons
TOTLUW1619,"Unemployment Level - 16 to 19 years, Women",Monthly,Thousands of Persons
TOTLUW1819,"Unemployment Level - 18 to 19 years, Women",Monthly,Thousands of Persons
TOTLUW2024,"Unemployment Level - 20 to 24 years, Women",Monthly,Thousands of Persons
TOTLUW2534,"Unemployment Level - 25 to 34 years, Women",Monthly,Thousands of Persons
TOTLUW2564,"Unemployment Level - 25 to 64 years, Women",Monthly,Thousands of Persons
TOTLUW25O,"Unemployment Level - 25 years and over, Women",Monthly,Thousands of Persons
TOTLUW3544,"Unemployment Level - 35 to 44 years, Women",Monthly,Thousands of Persons
TOTLUW4554,"Unemployment Level - 45 to 54 years, Women",Monthly,Thousands of Persons
TOTLUW5564,"Unemployment Level - 55 to 64 years, Women",Monthly,Thousands of Persons
TOTLUW65O,"Unemployment Level - 65 years and over, Women",Monthly,Thousands of Persons
TOTNRGALMI15XM086NEST,Harmonized Index of Consumer Prices: Overall Index Excluding Energy for Albania,Monthly,Index 2015=100
TOTNRGEA20MI15XM086NEST,Harmonized Index of Consumer Prices: Overall Index Excluding Energy for Euro Area (20 Countries),Monthly,Index 2015=100
TOTNRGFOODALMI15XM086NEST,"Harmonized Index of Consumer Prices: Overall Index Excluding Energy, Food, Alcohol, and Tobacco for Albania",Monthly,Index 2015=100
TOTNRGFOODEA20MI15XM,"Harmonized Index of Consumer Prices: Overall Index Excluding Energy, Food, Alcohol, and Tobacco for Euro Area (20 Countries)",Monthly,Index 2015=100
TOTNRGFOODMEMI15XM086NEST,"Harmonized Index of Consumer Prices: Overall Index Excluding Energy, Food, Alcohol, and Tobacco for Montenegro",Monthly,Index 2015=100
TOTNRGFOODNPALMI15XM,Harmonized Index of Consumer Prices: Overall Index Excluding Energy and Unprocessed Food for Albania,Monthly,Index 2015=100
TOTNRGFOODNPEA20MI15XM,Harmonized Index of Consumer Prices: Overall Index Excluding Energy and Unprocessed Food for Euro Area (20 Countries),Monthly,Index 2015=100
TOTNRGFOODNPMEMI15XM,Harmonized Index of Consumer Prices: Overall Index Excluding Energy and Unprocessed Food for Montenegro,Monthly,Index 2015=100
TOTNRGFOODNPXKMI15XM,Harmonized Index of Consumer Prices: Overall Index Excluding Energy and Unprocessed Food for Kosovo,Monthly,Index 2015=100
TOTNRGFOODSALMI15XM,Harmonized Index of Consumer Prices: Overall Index Excluding Energy and Seasonal Food for Albania,Monthly,Index 2015=100
TOTNRGFOODSEA20MI15XM,Harmonized Index of Consumer Prices: Overall Index Excluding Energy and Seasonal Food for Euro Area (20 Countries),Monthly,Index 2015=100
TOTNRGFOODSMEMI15XM,Harmonized Index of Consumer Prices: Overall Index Excluding Energy and Seasonal Food for Montenegro,Monthly,Index 2015=100
TOTNRGFOODSXKMI15XM,Harmonized Index of Consumer Prices: Overall Index Excluding Energy and Seasonal Food for Kosovo,Monthly,Index 2015=100
TOTNRGFOODXKMI15XM086NEST,"Harmonized Index of Consumer Prices: Overall Index Excluding Energy, Food, Alcohol, and Tobacco for Kosovo",Monthly,Index 2015=100
TOTNRGMEMI15XM086NEST,Harmonized Index of Consumer Prices: Overall Index Excluding Energy for Montenegro,Monthly,Index 2015=100
TOTNRGXKMI15XM086NEST,Harmonized Index of Consumer Prices: Overall Index Excluding Energy for Kosovo,Monthly,Index 2015=100
TOTTBCALMI15XM086NEST,Harmonized Index of Consumer Prices: Overall Index Excluding Tobacco for Albania,Monthly,Index 2015=100
TOTTBCEA20MI15XM086NEST,Harmonized Index of Consumer Prices: Overall Index Excluding Tobacco for Euro Area (20 Countries),Monthly,Index 2015=100
TOTTBCMEMI15XM086NEST,Harmonized Index of Consumer Prices: Overall Index Excluding Tobacco for Montenegro,Monthly,Index 2015=100
TOTTBCXKMI15XM086NEST,Harmonized Index of Consumer Prices: Overall Index Excluding Tobacco for Kosovo,Monthly,Index 2015=100
TREAS10Y,Assets: Securities Held Outright: U.S. Treasury Securities: Maturing in over 10 Years: Wednesday Level,"Weekly, As of Wednesday",Millions of U.S. Dollars
TREAS15,Assets: Securities Held Outright: U.S. Treasury Securities: Maturing Within 15 Days: Wednesday Level,"Weekly, As of Wednesday",Millions of U.S. Dollars
TREAS1590,Assets: Securities Held Outright: U.S. Treasury Securities: Maturing in 16 Days to 90 Days: Wednesday Level,"Weekly, As of Wednesday",Millions of U.S. Dollars
TREAS1T5,Assets: Securities Held Outright: U.S. Treasury Securities: Maturing in over 1 Year to 5 Years: Wednesday Level,"Weekly, As of Wednesday",Millions of U.S. Dollars
TREAS5T10,Assets: Securities Held Outright: U.S. Treasury Securities: Maturing in over 5 Years to 10 Years: Wednesday Level,"Weekly, As of Wednesday",Millions of U.S. Dollars
TREAS911Y,Assets: Securities Held Outright: U.S. Treasury Securities: Maturing in 91 Days to 1 Year: Wednesday Level,"Weekly, As of Wednesday",Millions of U.S. Dollars
TREAST,Assets: Securities Held Outright: U.S. Treasury Securities: All: Wednesday Level,"Weekly, As of Wednesday",Millions of U.S. Dollars
TREASURY,Treasury Deposits with Federal Reserve Banks,Monthly,Billions of Dollars
TRMMEANCPIM094SFRBCLE,16% Trimmed-Mean Consumer Price Index,Monthly,Index Dec 1982=100
TRMMEANCPIM157SFRBCLE,16% Trimmed-Mean Consumer Price Index,Monthly,Percent Change
TRMMEANCPIM158SFRBCLE,16% Trimmed-Mean Consumer Price Index,Monthly,Percent Change at Annual Rate
TRMMEANCPIM159SFRBCLE,16% Trimmed-Mean Consumer Price Index,Monthly,Percent Change from Year Ago
TRNNGDPORPCHPT,Oil Real GDP Growth in Constant Prices for Turkmenistan,Annual,Percent Change
TRNNGDPXORPCHPT,Non-Oil Real GDP Growth in Constant Prices for Turkmenistan,Annual,Percent Change
TRNPCPIPCHPT,Consumer Price Inflation for Turkmenistan,Annual,Percent Change
TSABSNNCB,"Nonfinancial Corporate Business; Treasury Securities; Asset, Level","Quarterly, End of Period",Billions of Dollars
TTOPCPIEPCH,Consumer Prices for Trinidad and Tobago,Annual,Percent Change
TUNPCPICOREPCHPT,Core Consumer Price Inflation for Tunisia,Annual,Percent Change
TUNPCPIPCHPT,Consumer Price Inflation for Tunisia,Annual,Percent Change
TURBCEMFT02STSAM,Business Tendency Surveys: Employment: Economic Activity: Construction: Future Tendency for Turkiye,Monthly,Percentage balance
TURBREMFT02STSAM,"Business Tendency Surveys: Employment: Economic Activity: Retail Trade, Except of Motor Vehicles and Motorcycles: Future Tendency for Turkiye",Monthly,Percentage balance
TURBSEMFT02STSAM,Business Tendency Surveys: Employment: Economic Activity: Manufacturing: Future Tendency for Turkiye,Monthly,Percentage balance
TURBVEMFT02STSAM,Business Tendency Surveys: Employment: Economic Activity: Services: Future Tendency for Turkiye,Monthly,Percentage balance
TURBVEMTE02STSAM,Business Tendency Surveys: Employment: Economic Activity: Services: Tendency for Turkiye,Monthly,Percentage balance
TURCP010000CTGYM,"Consumer Price Indices (CPIs, HICPs), COICOP 1999: Consumer Price Index: Food and Non-Alcoholic Beverages for Turkiye",Monthly,"Contribution to growth rate, over 1 year"
TURCP010000GYM,"Consumer Price Indices (CPIs, HICPs), COICOP 1999: Consumer Price Index: Food and Non-Alcoholic Beverages for Turkiye",Monthly,Growth rate same period previous year
TURCP010000GYQ,"Consumer Price Indices (CPIs, HICPs), COICOP 1999: Consumer Price Index: Food and Non-Alcoholic Beverages for Turkiye",Quarterly,Growth rate same period previous year
TURCP010000IXOBM,"Consumer Price Indices (CPIs, HICPs), COICOP 1999: Consumer Price Index: Food and Non-Alcoholic Beverages for Turkiye",Monthly,Index 2015=100
TURCP010000IXOBQ,"Consumer Price Indices (CPIs, HICPs), COICOP 1999: Consumer Price Index: Food and Non-Alcoholic Beverages for Turkiye",Quarterly,Index 2015=100
TURCP020000CTGYM,"Consumer Price Indices (CPIs, HICPs), COICOP 1999: Consumer Price Index: Alcoholic Beverages, Tobacco and Narcotics for Turkiye",Monthly,"Contribution to growth rate, over 1 year"
TURCP020000GYM,"Consumer Price Indices (CPIs, HICPs), COICOP 1999: Consumer Price Index: Alcoholic Beverages, Tobacco and Narcotics for Turkiye",Monthly,Growth rate same period previous year
TURCP020000GYQ,"Consumer Price Indices (CPIs, HICPs), COICOP 1999: Consumer Price Index: Alcoholic Beverages, Tobacco and Narcotics for Turkiye",Quarterly,Growth rate same period previous year
TURCP020000IXOBM,"Consumer Price Indices (CPIs, HICPs), COICOP 1999: Consumer Price Index: Alcoholic Beverages, Tobacco and Narcotics for Turkiye",Monthly,Index 2015=100
TURCP020000IXOBQ,"Consumer Price Indices (CPIs, HICPs), COICOP 1999: Consumer Price Index: Alcoholic Beverages, Tobacco and Narcotics for Turkiye",Quarterly,Index 2015=100
TURCP030000CTGYM,"Consumer Price Indices (CPIs, HICPs), COICOP 1999: Consumer Price Index: Clothing and Footwear for Turkiye",Monthly,"Contribution to growth rate, over 1 year"
TURCP030000GYM,"Consumer Price Indices (CPIs, HICPs), COICOP 1999: Consumer Price Index: Clothing and Footwear for Turkiye",Monthly,Growth rate same period previous year
TURCP030000GYQ,"Consumer Price Indices (CPIs, HICPs), COICOP 1999: Consumer Price Index: Clothing and Footwear for Turkiye",Quarterly,Growth rate same period previous year
TURCP030000IXOBM,"Consumer Price Indices (CPIs, HICPs), COICOP 1999: Consumer Price Index: Clothing and Footwear for Turkiye",Monthly,Index 2015=100
TURCP030000IXOBQ,"Consumer Price Indices (CPIs, HICPs), COICOP 1999: Consumer Price Index: Clothing and Footwear for Turkiye",Quarterly,Index 2015=100
TURCP040000CTGYM,"Consumer Price Indices (CPIs, HICPs), COICOP 1999: Consumer Price Index: Housing, Water, Electricity, Gas and Other Fuels for Turkiye",Monthly,"Contribution to growth rate, over 1 year"
TURCP040000GYM,"Consumer Price Indices (CPIs, HICPs), COICOP 1999: Consumer Price Index: Housing, Water, Electricity, Gas and Other Fuels for Turkiye",Monthly,Growth rate same period previous year
TURCP040000GYQ,"Consumer Price Indices (CPIs, HICPs), COICOP 1999: Consumer Price Index: Housing, Water, Electricity, Gas and Other Fuels for Turkiye",Quarterly,Growth rate same period previous year
TURCP040000IXOBM,"Consumer Price Indices (CPIs, HICPs), COICOP 1999: Consumer Price Index: Housing, Water, Electricity, Gas and Other Fuels for Turkiye",Monthly,Index 2015=100
TURCP040000IXOBQ,"Consumer Price Indices (CPIs, HICPs), COICOP 1999: Consumer Price Index: Housing, Water, Electricity, Gas and Other Fuels for Turkiye",Quarterly,Index 2015=100
TURCP040100GYM,"Consumer Price Indices (CPIs, HICPs), COICOP 1999: Consumer Price Index: Actual Rentals for Housing for Turkiye",Monthly,Growth rate same period previous year
TURCP040100GYQ,"Consumer Price Indices (CPIs, HICPs), COICOP 1999: Consumer Price Index: Actual Rentals for Housing for Turkiye",Quarterly,Growth rate same period previous year
TURCP040100IXOBM,"Consumer Price Indices (CPIs, HICPs), COICOP 1999: Consumer Price Index: Actual Rentals for Housing for Turkiye",Monthly,Index 2015=100
TURCP040100IXOBQ,"Consumer Price Indices (CPIs, HICPs), COICOP 1999: Consumer Price Index: Actual Rentals for Housing for Turkiye",Quarterly,Index 2015=100
TURCP040300GYM,"Consumer Price Indices (CPIs, HICPs), COICOP 1999: Consumer Price Index: Maintenance and Repair of the Dwelling for Turkiye",Monthly,Growth rate same period previous year
TURCP040300GYQ,"Consumer Price Indices (CPIs, HICPs), COICOP 1999: Consumer Price Index: Maintenance and Repair of the Dwelling for Turkiye",Quarterly,Growth rate same period previous year
TURCP040300IXOBM,"Consumer Price Indices (CPIs, HICPs), COICOP 1999: Consumer Price Index: Maintenance and Repair of the Dwelling for Turkiye",Monthly,Index 2015=100
TURCP040300IXOBQ,"Consumer Price Indices (CPIs, HICPs), COICOP 1999: Consumer Price Index: Maintenance and Repair of the Dwelling for Turkiye",Quarterly,Index 2015=100
TURCP040400GYM,"Consumer Price Indices (CPIs, HICPs), COICOP 1999: Consumer Price Index: Water Supply and Miscellaneous Services Relating to the Dwelling for Turkiye",Monthly,Growth rate same period previous year
TURCP040400GYQ,"Consumer Price Indices (CPIs, HICPs), COICOP 1999: Consumer Price Index: Water Supply and Miscellaneous Services Relating to the Dwelling for Turkiye",Quarterly,Growth rate same period previous year
TURCP040400IXOBM,"Consumer Price Indices (CPIs, HICPs), COICOP 1999: Consumer Price Index: Water Supply and Miscellaneous Services Relating to the Dwelling for Turkiye",Monthly,Index 2015=100
TURCP040400IXOBQ,"Consumer Price Indices (CPIs, HICPs), COICOP 1999: Consumer Price Index: Water Supply and Miscellaneous Services Relating to the Dwelling for Turkiye",Quarterly,Index 2015=100
TURCP040500GYM,"Consumer Price Indices (CPIs, HICPs), COICOP 1999: Consumer Price Index: Electricity, Gas and Other Fuels for Turkiye",Monthly,Growth rate same period previous year
TURCP040500GYQ,"Consumer Price Indices (CPIs, HICPs), COICOP 1999: Consumer Price Index: Electricity, Gas and Other Fuels for Turkiye",Quarterly,Growth rate same period previous year
TURCP040500IXOBM,"Consumer Price Indices (CPIs, HICPs), COICOP 1999: Consumer Price Index: Electricity, Gas and Other Fuels for Turkiye",Monthly,Index 2015=100
TURCP040500IXOBQ,"Consumer Price Indices (CPIs, HICPs), COICOP 1999: Consumer Price Index: Electricity, Gas and Other Fuels for Turkiye",Quarterly,Index 2015=100
TURCP050000CTGYM,"Consumer Price Indices (CPIs, HICPs), COICOP 1999: Consumer Price Index: Furnishings, Household Equipment and Routine Household Maintenance for Turkiye",Monthly,"Contribution to growth rate, over 1 year"
TURCP050000GYM,"Consumer Price Indices (CPIs, HICPs), COICOP 1999: Consumer Price Index: Furnishings, Household Equipment and Routine Household Maintenance for Turkiye",Monthly,Growth rate same period previous year
TURCP050000GYQ,"Consumer Price Indices (CPIs, HICPs), COICOP 1999: Consumer Price Index: Furnishings, Household Equipment and Routine Household Maintenance for Turkiye",Quarterly,Growth rate same period previous year
TURCP050000IXOBM,"Consumer Price Indices (CPIs, HICPs), COICOP 1999: Consumer Price Index: Furnishings, Household Equipment and Routine Household Maintenance for Turkiye",Monthly,Index 2015=100
TURCP050000IXOBQ,"Consumer Price Indices (CPIs, HICPs), COICOP 1999: Consumer Price Index: Furnishings, Household Equipment and Routine Household Maintenance for Turkiye",Quarterly,Index 2015=100
TURCP060000CTGYM,"Consumer Price Indices (CPIs, HICPs), COICOP 1999: Consumer Price Index: Health for Turkiye",Monthly,"Contribution to growth rate, over 1 year"
TURCP060000GYM,"Consumer Price Indices (CPIs, HICPs), COICOP 1999: Consumer Price Index: Health for Turkiye",Monthly,Growth rate same period previous year
TURCP060000GYQ,"Consumer Price Indices (CPIs, HICPs), COICOP 1999: Consumer Price Index: Health for Turkiye",Quarterly,Growth rate same period previous year
TURCP060000IXOBM,"Consumer Price Indices (CPIs, HICPs), COICOP 1999: Consumer Price Index: Health for Turkiye",Monthly,Index 2015=100
TURCP060000IXOBQ,"Consumer Price Indices (CPIs, HICPs), COICOP 1999: Consumer Price Index: Health for Turkiye",Quarterly,Index 2015=100
TURCP070000CTGYM,"Consumer Price Indices (CPIs, HICPs), COICOP 1999: Consumer Price Index: Transport for Turkiye",Monthly,"Contribution to growth rate, over 1 year"
TURCP070000GYM,"Consumer Price Indices (CPIs, HICPs), COICOP 1999: Consumer Price Index: Transport for Turkiye",Monthly,Growth rate same period previous year
TURCP070000GYQ,"Consumer Price Indices (CPIs, HICPs), COICOP 1999: Consumer Price Index: Transport for Turkiye",Quarterly,Growth rate same period previous year
TURCP070000IXOBM,"Consumer Price Indices (CPIs, HICPs), COICOP 1999: Consumer Price Index: Transport for Turkiye",Monthly,Index 2015=100
TURCP070000IXOBQ,"Consumer Price Indices (CPIs, HICPs), COICOP 1999: Consumer Price Index: Transport for Turkiye",Quarterly,Index 2015=100
TURCP080000CTGYM,"Consumer Price Indices (CPIs, HICPs), COICOP 1999: Consumer Price Index: Communication for Turkiye",Monthly,"Contribution to growth rate, over 1 year"
TURCP080000GYM,"Consumer Price Indices (CPIs, HICPs), COICOP 1999: Consumer Price Index: Communication for Turkiye",Monthly,Growth rate same period previous year
TURCP080000GYQ,"Consumer Price Indices (CPIs, HICPs), COICOP 1999: Consumer Price Index: Communication for Turkiye",Quarterly,Growth rate same period previous year
TURCP080000IXOBM,"Consumer Price Indices (CPIs, HICPs), COICOP 1999: Consumer Price Index: Communication for Turkiye",Monthly,Index 2015=100
TURCP080000IXOBQ,"Consumer Price Indices (CPIs, HICPs), COICOP 1999: Consumer Price Index: Communication for Turkiye",Quarterly,Index 2015=100
TURCP090000CTGYM,"Consumer Price Indices (CPIs, HICPs), COICOP 1999: Consumer Price Index: Recreation and Culture for Turkiye",Monthly,"Contribution to growth rate, over 1 year"
TURCP090000GYQ,"Consumer Price Indices (CPIs, HICPs), COICOP 1999: Consumer Price Index: Recreation and Culture for Turkiye",Quarterly,Growth rate same period previous year
TURCP100000CTGYM,"Consumer Price Indices (CPIs, HICPs), COICOP 1999: Consumer Price Index: Education for Turkiye",Monthly,"Contribution to growth rate, over 1 year"
TURCP110000CTGYM,"Consumer Price Indices (CPIs, HICPs), COICOP 1999: Consumer Price Index: Restaurants and Hotels for Turkiye",Monthly,"Contribution to growth rate, over 1 year"
TURCP120000IXOBM,"Consumer Price Indices (CPIs, HICPs), COICOP 1999: Consumer Price Index: Miscellaneous Goods and Services for Turkiye",Monthly,Index 2015=100
TURCPALTT01CTGYM,"Consumer Price Indices (CPIs, HICPs), COICOP 1999: Consumer Price Index: Total for Turkiye",Monthly,"Contribution to growth rate, over 1 year"
TURCPGRHO02GYM,"Consumer Price Indices (CPIs, HICPs), COICOP 1999: Consumer Price Index: Housing Excluding Imputed Rentals for Housing for Turkiye",Monthly,Growth rate same period previous year
TURCPGRHO02GYQ,"Consumer Price Indices (CPIs, HICPs), COICOP 1999: Consumer Price Index: Housing Excluding Imputed Rentals for Housing for Turkiye",Quarterly,Growth rate same period previous year
TURCPGRHO02IXOBM,"Consumer Price Indices (CPIs, HICPs), COICOP 1999: Consumer Price Index: Housing Excluding Imputed Rentals for Housing for Turkiye",Monthly,Index 2015=100
TURCPGRHO02IXOBQ,"Consumer Price Indices (CPIs, HICPs), COICOP 1999: Consumer Price Index: Housing Excluding Imputed Rentals for Housing for Turkiye",Quarterly,Index 2015=100
TURCPHP0100GYM,"Consumer Price Indices (CPIs, HICPs), COICOP 1999: Consumer Price Index: Food and Non-Alcoholic Beverages for Turkiye",Monthly,Growth rate same period previous year
TURCPHP0200GYM,"Consumer Price Indices (CPIs, HICPs), COICOP 1999: Consumer Price Index: Alcoholic Beverages, Tobacco and Narcotics for Turkiye",Monthly,Growth rate same period previous year
TURCPHP0400IXOBM,"Consumer Price Indices (CPIs, HICPs), COICOP 1999: Consumer Price Index: Housing, Water, Electricity, Gas and Other Fuels for Turkiye",Monthly,Index 2015=100
TURCPHP0401GYM,"Consumer Price Indices (CPIs, HICPs), COICOP 1999: Consumer Price Index: Actual Rentals for Housing for Turkiye",Monthly,Growth rate same period previous year
TURCPHP0401IXOBM,"Consumer Price Indices (CPIs, HICPs), COICOP 1999: Consumer Price Index: Actual Rentals for Housing for Turkiye",Monthly,Index 2015=100
TURCPHP0404GYM,"Consumer Price Indices (CPIs, HICPs), COICOP 1999: Consumer Price Index: Water Supply and Miscellaneous Services Relating to the Dwelling for Turkiye",Monthly,Growth rate same period previous year
TURCPHP0404IXOBM,"Consumer Price Indices (CPIs, HICPs), COICOP 1999: Consumer Price Index: Water Supply and Miscellaneous Services Relating to the Dwelling for Turkiye",Monthly,Index 2015=100
TURCPHP0500GYM,"Consumer Price Indices (CPIs, HICPs), COICOP 1999: Consumer Price Index: Furnishings, Household Equipment and Routine Household Maintenance for Turkiye",Monthly,Growth rate same period previous year
TURCPHP0500IXOBM,"Consumer Price Indices (CPIs, HICPs), COICOP 1999: Consumer Price Index: Furnishings, Household Equipment and Routine Household Maintenance for Turkiye",Monthly,Index 2015=100
TURCPHP0600GYM,"Consumer Price Indices (CPIs, HICPs), COICOP 1999: Consumer Price Index: Health for Turkiye",Monthly,Growth rate same period previous year
TURCPHP0600IXOBM,"Consumer Price Indices (CPIs, HICPs), COICOP 1999: Consumer Price Index: Health for Turkiye",Monthly,Index 2015=100
TURCPHP0700GYM,"Consumer Price Indices (CPIs, HICPs), COICOP 1999: Consumer Price Index: Transport for Turkiye",Monthly,Growth rate same period previous year
TURCPHP0702IXOBM,"Consumer Price Indices (CPIs, HICPs), COICOP 1999: Consumer Price Index: Fuels and Lubricants for Personal Transport Equipment for Turkiye",Monthly,Index 2015=100
TURCPHP0800GYM,"Consumer Price Indices (CPIs, HICPs), COICOP 1999: Consumer Price Index: Communication for Turkiye",Monthly,Growth rate same period previous year
TURCPHP0900IXOBM,"Consumer Price Indices (CPIs, HICPs), COICOP 1999: Consumer Price Index: Recreation and Culture for Turkiye",Monthly,Index 2015=100
TURCPHP1000GYM,"Consumer Price Indices (CPIs, HICPs), COICOP 1999: Consumer Price Index: Education for Turkiye",Monthly,Growth rate same period previous year
TURCPHP1100GYM,"Consumer Price Indices (CPIs, HICPs), COICOP 1999: Consumer Price Index: Restaurants and Hotels for Turkiye",Monthly,Growth rate same period previous year
TURCPHPEN01GYM,"Consumer Price Indices (CPIs, HICPs), COICOP 1999: Consumer Price Index: Energy for Turkiye",Monthly,Growth rate same period previous year
TURCPHPEN01IXOBM,"Consumer Price Indices (CPIs, HICPs), COICOP 1999: Consumer Price Index: Energy for Turkiye",Monthly,Index 2015=100
TURCPHPLA01GYM,"Consumer Price Indices (CPIs, HICPs), COICOP 1999: Consumer Price Index: Overall Index Excluding Energy, Food, Alcohol and Tobacco for Turkiye",Monthly,Growth rate same period previous year
TURCPHPLA01IXOBM,"Consumer Price Indices (CPIs, HICPs), COICOP 1999: Consumer Price Index: Overall Index Excluding Energy, Food, Alcohol and Tobacco for Turkiye",Monthly,Index 2015=100
TURCPHPSE01GYM,"Consumer Price Indices (CPIs, HICPs), COICOP 1999: Consumer Price Index: Services for Turkiye",Monthly,Growth rate same period previous year
TURCPIALLAINMEI,"Consumer Price Indices (CPIs, HICPs), COICOP 1999: Consumer Price Index: Total for Turkiye",Annual,Index 2015=100
TURCPIALLMINMEI,"Consumer Price Indices (CPIs, HICPs), COICOP 1999: Consumer Price Index: Total for Turkiye",Monthly,Index 2015=100
TURCPIALLQINMEI,"Consumer Price Indices (CPIs, HICPs), COICOP 1999: Consumer Price Index: Total for Turkiye",Quarterly,Index 2015=100
TURCPICORAINMEI,"Consumer Price Indices (CPIs, HICPs), COICOP 1999: Consumer Price Index: All Items Non-Food Non-Energy for Turkiye",Annual,Index 2015=100
TURCPICORMINMEI,"Consumer Price Indices (CPIs, HICPs), COICOP 1999: Consumer Price Index: All Items Non-Food Non-Energy for Turkiye",Monthly,Index 2015=100
TURCPICORQINMEI,"Consumer Price Indices (CPIs, HICPs), COICOP 1999: Consumer Price Index: All Items Non-Food Non-Energy for Turkiye",Quarterly,Index 2015=100
TURCPIENGAINMEI,"Consumer Price Indices (CPIs, HICPs), COICOP 1999: Consumer Price Index: Energy for Turkiye",Annual,Index 2015=100
TURCPIENGMINMEI,"Consumer Price Indices (CPIs, HICPs), COICOP 1999: Consumer Price Index: Energy for Turkiye",Monthly,Index 2015=100
TURCPIENGQINMEI,"Consumer Price Indices (CPIs, HICPs), COICOP 1999: Consumer Price Index: Energy for Turkiye",Quarterly,Index 2015=100
TURCPIHICAINMEI,"Consumer Price Indices (CPIs, HICPs), COICOP 1999: Consumer Price Index: Total for Turkiye",Annual,Index 2015=100
TURCPIHICMINMEI,"Consumer Price Indices (CPIs, HICPs), COICOP 1999: Consumer Price Index: Total for Turkiye",Monthly,Index 2015=100
TURCPSDCTGYCTGYM,"Consumer Price Indices (CPIs, HICPs), COICOP 1999: Consumer Price Index: Residuals for Turkiye",Monthly,"Contribution to growth rate, over 1 year"
TURCSINFT02STSAM,Consumer Opinion Surveys: Consumer Prices: Future Tendency for Turkiye,Monthly,Percentage balance
TURGDPRAPSMEI,National Accounts: GDP by Expenditure: Constant Prices: Gross Domestic Product: Total for Turkey,Annual,Growth rate same period previous year
TURGDPRQPSMEI,National Accounts: GDP by Expenditure: Constant Prices: Gross Domestic Product: Total for Turkey,Quarterly,Growth rate same period previous year
TUVPCPIPCPPPT,Prices: Consumer Price Index for Tuvalu,Annual,Percent Change
TWNPCPIPCPPPT,Prices: Consumer Price Index for Taiwan Province of China,Annual,Percent Change
TXACCFDQGSP,Chain-Type Quantity Index for Real GDP: Accommodation and Food Services (72) in Texas,Annual,Index 2017=100
TXACCOMDQQGSP,Chain-Type Quantity Index for Real GDP: Accommodation and Food Services (72) in Texas,Quarterly,Index 2017=100
TXADMINWASTQGSP,Chain-Type Quantity Index for Real GDP: Administrative and Support and Waste Management and Remediation Services (56) in Texas,Annual,Index 2017=100
TXADMINWASTQQGSP,Chain-Type Quantity Index for Real GDP: Administrative and Support and Waste Management and Remediation Services (56) in Texas,Quarterly,Index 2017=100
TXAGRQGSP,"Chain-Type Quantity Index for Real GDP: Agriculture, Forestry, Fishing and Hunting (11) in Texas",Annual,Index 2017=100
TXAGRQQGSP,"Chain-Type Quantity Index for Real GDP: Agriculture, Forestry, Fishing and Hunting (11) in Texas",Quarterly,Index 2017=100
TXARTENTRECQGSP,"Chain-Type Quantity Index for Real GDP: Arts, Entertainment, and Recreation (71) in Texas",Annual,Index 2017=100
TXARTENTRECQQGSP,"Chain-Type Quantity Index for Real GDP: Arts, Entertainment, and Recreation (71) in Texas",Quarterly,Index 2017=100
TXARTETRTACCFDQGSP,"Chain-Type Quantity Index for Real GDP: Arts, Entertainment, Recreation, Accommodation, and Food Services (71, 72) in Texas",Annual,Index 2017=100
TXCCLAIMS,Continued Claims (Insured Unemployment) in Texas,"Weekly, Ending Saturday",Number
TXCEMPLOY,Covered Employment in Texas,"Weekly, Ending Saturday",Number
TXCONSTQGSP,Chain-Type Quantity Index for Real GDP: Construction (23) in Texas,Annual,Index 2017=100
TXCONSTQQGSP,Chain-Type Quantity Index for Real GDP: Construction (23) in Texas,Quarterly,Index 2017=100
TXDURMANQGSP,"Chain-Type Quantity Index for Real GDP: Durable Goods Manufacturing (321, 327-339) in Texas",Annual,Index 2017=100
TXDURMANQQGSP,"Chain-Type Quantity Index for Real GDP: Durable Goods Manufacturing (321, 327-339) in Texas",Quarterly,Index 2017=100
TXEDCATQGSP,Chain-Type Quantity Index for Real GDP: Educational Services (61) in Texas,Annual,Index 2017=100
TXEDCATQQGSP,Chain-Type Quantity Index for Real GDP: Educational Services (61) in Texas,Quarterly,Index 2017=100
TXEDHLTHSOCASSQGSP,"Chain-Type Quantity Index for Real GDP: Educational Services, Health Care, and Social Assistance (61, 62) in Texas",Annual,Index 2017=100
TXFININSQGSP,Chain-Type Quantity Index for Real GDP: Finance and Insurance (52) in Texas,Annual,Index 2017=100
TXFININSQQGSP,Chain-Type Quantity Index for Real GDP: Finance and Insurance (52) in Texas,Quarterly,Index 2017=100
TXFININSREALQGSP,"Chain-Type Quantity Index for Real GDP: Finance, Insurance, Real Estate, Rental, and Leasing (52, 53) in Texas",Annual,Index 2017=100
TXGOVFEDCIVQGSP,Chain-Type Quantity Index for Real GDP: Federal Civilian in Texas,Annual,Index 2017=100
TXGOVFEDMILQGSP,Chain-Type Quantity Index for Real GDP: Military in Texas,Annual,Index 2017=100
TXGOVQGSP,Chain-Type Quantity Index for Real GDP: Government and Government Enterprises (92) in Texas,Annual,Index 2017=100
TXGOVQQGSP,Chain-Type Quantity Index for Real GDP: Government and Government Enterprises (92) in Texas,Quarterly,Index 2017=100
TXGOVSLQGSP,Chain-Type Quantity Index for Real GDP: State and Local in Texas,Annual,Index 2017=100
TXHLTHSOCASSQGSP,Chain-Type Quantity Index for Real GDP: Health Care and Social Assistance (62) in Texas,Annual,Index 2017=100
TXHLTHSOCASSQQGSP,Chain-Type Quantity Index for Real GDP: Health Care and Social Assistance (62) in Texas,Quarterly,Index 2017=100
TXINFOQGSP,Chain-Type Quantity Index for Real GDP: Information (51) in Texas,Annual,Index 2017=100
TXINFOQQGSP,Chain-Type Quantity Index for Real GDP: Information (51) in Texas,Quarterly,Index 2017=100
TXINSUREDUR,Insured Unemployment Rate in Texas,"Weekly, Ending Saturday",Percent
TXMANQGSP,Chain-Type Quantity Index for Real GDP: Manufacturing (31-33) in Texas,Annual,Index 2017=100
TXMANQQGSP,Chain-Type Quantity Index for Real GDP: Manufacturing (31-33) in Texas,Quarterly,Index 2017=100
TXMINQGSP,"Chain-Type Quantity Index for Real GDP: Mining, Quarrying, and Oil and Gas Extraction (21) in Texas",Annual,Index 2017=100
TXMINQQGSP,"Chain-Type Quantity Index for Real GDP: Mining, Quarrying, and Oil and Gas Extraction (21) in Texas",Quarterly,Index 2017=100
TXMNGCOENTPRQGSP,Chain-Type Quantity Index for Real GDP: Management of Companies and Enterprises (55) in Texas,Annual,Index 2017=100
TXMNGCOENTPRQQGSP,Chain-Type Quantity Index for Real GDP: Management of Companies and Enterprises (55) in Texas,Quarterly,Index 2017=100
TXNATRESMINQGSP,"Chain-Type Quantity Index for Real GDP: Natural Resources and Mining (11, 21) in Texas",Annual,Index 2017=100
TXNDURMANQGSP,"Chain-Type Quantity Index for Real GDP: Nondurable Goods Manufacturing (311-316, 322-326) in Texas",Annual,Index 2017=100
TXNDURMANQQGSP,"Chain-Type Quantity Index for Real GDP: Nondurable Goods Manufacturing (311-316, 322-326) in Texas",Quarterly,Index 2017=100
TXOBEN,State Unemployment Benefits in Texas,Quarterly,Thousands of Dollars
TXOTHSERVEQGSP,Chain-Type Quantity Index for Real GDP: Other Services (Except Government and Government Enterprises) (81) in Texas,Annual,Index 2017=100
TXOTHSERVEQQGSP,Chain-Type Quantity Index for Real GDP: Other Services (Except Government and Government Enterprises) (81) in Texas,Quarterly,Index 2017=100
TXPIQGSP,Chain-Type Quantity Index for Real GDP: Private Industries in Texas,Annual,Index 2017=100
TXPIQQGSP,Chain-Type Quantity Index for Real GDP: Private Industries in Texas,Quarterly,Index 2017=100
TXPRIGOODPROQGSP,Chain-Type Quantity Index for Real GDP: Private Goods-Producing Industries in Texas,Annual,Index 2017=100
TXPRISERVPROQGSP,Chain-Type Quantity Index for Real GDP: Private Services-Providing Industries in Texas,Annual,Index 2017=100
TXPROBUSQGSP,"Chain-Type Quantity Index for Real GDP: Professional and Business Services (54, 55, 56) in Texas",Annual,Index 2017=100
TXPROBUSQQGSP,"Chain-Type Quantity Index for Real GDP: Professional, Scientific, and Technical Services (54) in Texas",Quarterly,Index 2017=100
TXPROSCITCHQGSP,"Chain-Type Quantity Index for Real GDP: Professional, Scientific, and Technical Services (54) in Texas",Annual,Index 2017=100
TXQGSP,Chain-Type Quantity Index for Real GDP: All Industry Total in Texas,Annual,Index 2017=100
TXQQGSP,Chain-Type Quantity Index for Real GDP: All Industry Total in Texas,Quarterly,Index 2017=100
TXRERENTLEAQGSP,Chain-Type Quantity Index for Real GDP: Real Estate and Rental and Leasing (53) in Texas,Annual,Index 2017=100
TXRERENTLEAQQGSP,Chain-Type Quantity Index for Real GDP: Real Estate and Rental and Leasing (53) in Texas,Quarterly,Index 2017=100
TXRETAILQGSP,Chain-Type Quantity Index for Real GDP: Retail Trade (44-45) in Texas,Annual,Index 2017=100
TXRETAILQQGSP,Chain-Type Quantity Index for Real GDP: Retail Trade (44-45) in Texas,Quarterly,Index 2017=100
TXTRADEQGSP,"Chain-Type Quantity Index for Real GDP: Trade (42, 44-45) in Texas",Annual,Index 2017=100
TXTRANSUTILQGSP,"Chain-Type Quantity Index for Real GDP: Transportation and Utilities (22, 48-49) in Texas",Annual,Index 2017=100
TXTRANSWAREQGSP,Chain-Type Quantity Index for Real GDP: Transportation and Warehousing (48-49) in Texas,Annual,Index 2017=100
TXTRANSWAREQQGSP,Chain-Type Quantity Index for Real GDP: Transportation and Warehousing (48-49) in Texas,Quarterly,Index 2017=100
TXUR,Unemployment Rate in Texas,Monthly,Percent
TXURN,Unemployment Rate in Texas,Monthly,Percent
TXUTILQGSP,Chain-Type Quantity Index for Real GDP: Utilities (22) in Texas,Annual,Index 2017=100
TXUTILQQGSP,Chain-Type Quantity Index for Real GDP: Utilities (22) in Texas,Quarterly,Index 2017=100
TXWHOLEQGSP,Chain-Type Quantity Index for Real GDP: Wholesale Trade (42) in Texas,Annual,Index 2017=100
TXWHOLEQQGSP,Chain-Type Quantity Index for Real GDP: Wholesale Trade (42) in Texas,Quarterly,Index 2017=100
TY12MCD,Treasury Yield: 12 Month CD <100M,Monthly,Percent
TY1MCD,Treasury Yield: 1 Month CD <100M,Monthly,Percent
TY24MCD,Treasury Yield: 24 Month CD <100M,Monthly,Percent
TY36MCD,Treasury Yield: 36 Month CD <100M,Monthly,Percent
TY3MCD,Treasury Yield: 3 Month CD <100M,Monthly,Percent
TY48MCD,Treasury Yield: 48 Month CD <100M,Monthly,Percent
TY60MCD,Treasury Yield: 60 Month CD <100M,Monthly,Percent
TY6MCD,Treasury Yield: 6 Month CD <100M,Monthly,Percent
TYRCA12MCD,Treasury Yield: Rate Cap Adjusted: 12 Month CD <100M,Monthly,Percent
TYRCA1MCD,Treasury Yield: Rate Cap Adjusted: 1 Month CD <100M,Monthly,Percent
TYRCA24MCD,Treasury Yield: Rate Cap Adjusted: 24 Month CD <100M,Monthly,Percent
TYRCA36MCD,Treasury Yield: Rate Cap Adjusted: 36 Month CD <100M,Monthly,Percent
TYRCA3MCD,Treasury Yield: Rate Cap Adjusted: 3 Month CD <100M,Monthly,Percent
TYRCA48MCD,Treasury Yield: Rate Cap Adjusted: 48 Month CD <100M,Monthly,Percent
TYRCA60MCD,Treasury Yield: Rate Cap Adjusted: 60 Month CD <100M,Monthly,Percent
TYRCA6MCD,Treasury Yield: Rate Cap Adjusted: 6 Month CD <100M,Monthly,Percent
TZAENEERIX,Nominal Effective Exchange Rate as Based on Consumer Price Index for Tanzania,Annual,Index
TZAEREERIX,Real Effective Exchange Rate as Based on Consumer Price Index for Tanzania,Annual,Index
TZANGDPRPCPCPPPT,Real GDP Per Capita for Tanzania,Annual,Percent Change From Preceding Period
TZANGDPXORPCPPPT,Real Non-Oil GDP for Tanzania,Annual,Percent Change From Preceding Period
TZAPCPIEOPPCPPPT,Consumer Prices at End of Period for Tanzania,Annual,Percent Change From Preceding Period
TZAPCPIPCPPPT,Consumer Prices: All Items for Tanzania,Annual,Percent Change From Preceding Period
U2RATE,Unemployment Rate - Job Losers (U-2),Monthly,Percent
U2RATENSA,Unemployment Rate - Job Losers (U-2),Monthly,Percent
UGAENEERIX,Nominal Effective Exchange Rate as Based on Consumer Price Index for Uganda,Annual,Index
UGAEREERIX,Real Effective Exchange Rate as Based on Consumer Price Index for Uganda,Annual,Index
UGANGDPRPCPCPPPT,Real GDP Per Capita for Uganda,Annual,Percent Change From Preceding Period
UGANGDPXORPCPPPT,Real Non-Oil GDP for Uganda,Annual,Percent Change From Preceding Period
UGAPCPIEOPPCPPPT,Consumer Prices at End of Period for Uganda,Annual,Percent Change From Preceding Period
UGAPCPIPCPPPT,Consumer Prices: All Items for Uganda,Annual,Percent Change From Preceding Period
UNEMPLOY,Unemployment Level,Monthly,Thousands of Persons
UNEMPLOYAK,Unemployment Level for Alaska,Quarterly,"Persons, 4-Quarter Moving Average"
UNEMPLOYAL,Unemployment Level for Alabama,Quarterly,"Persons, 4-Quarter Moving Average"
UNEMPLOYAR,Unemployment Level for Arkansas,Quarterly,"Persons, 4-Quarter Moving Average"
UNEMPLOYAZ,Unemployment Level for Arizona,Quarterly,"Persons, 4-Quarter Moving Average"
UNEMPLOYCA,Unemployment Level for California,Quarterly,"Persons, 4-Quarter Moving Average"
UNEMPLOYCO,Unemployment Level for Colorado,Quarterly,"Persons, 4-Quarter Moving Average"
UNEMPLOYCT,Unemployment Level for Connecticut,Quarterly,"Persons, 4-Quarter Moving Average"
UNEMPLOYDC,Unemployment Level for the District of Columbia,Quarterly,"Persons, 4-Quarter Moving Average"
UNEMPLOYDE,Unemployment Level for Delaware,Quarterly,"Persons, 4-Quarter Moving Average"
UNEMPLOYFL,Unemployment Level for Florida,Quarterly,"Persons, 4-Quarter Moving Average"
UNEMPLOYGA,Unemployment Level for Georgia,Quarterly,"Persons, 4-Quarter Moving Average"
UNEMPLOYHI,Unemployment Level for Hawaii,Quarterly,"Persons, 4-Quarter Moving Average"
UNEMPLOYIA,Unemployment Level for Iowa,Quarterly,"Persons, 4-Quarter Moving Average"
UNEMPLOYID,Unemployment Level for Idaho,Quarterly,"Persons, 4-Quarter Moving Average"
UNEMPLOYIL,Unemployment Level for Illinois,Quarterly,"Persons, 4-Quarter Moving Average"
UNEMPLOYIN,Unemployment Level for Indiana,Quarterly,"Persons, 4-Quarter Moving Average"
UNEMPLOYKS,Unemployment Level for Kansas,Quarterly,"Persons, 4-Quarter Moving Average"
UNEMPLOYKY,Unemployment Level for Kentucky,Quarterly,"Persons, 4-Quarter Moving Average"
UNEMPLOYLA,Unemployment Level for Louisiana,Quarterly,"Persons, 4-Quarter Moving Average"
UNEMPLOYMA,Unemployment Level for Massachusetts,Quarterly,"Persons, 4-Quarter Moving Average"
UNEMPLOYMD,Unemployment Level for Maryland,Quarterly,"Persons, 4-Quarter Moving Average"
UNEMPLOYME,Unemployment Level for Maine,Quarterly,"Persons, 4-Quarter Moving Average"
UNEMPLOYMI,Unemployment Level for Michigan,Quarterly,"Persons, 4-Quarter Moving Average"
UNEMPLOYMN,Unemployment Level for Minnesota,Quarterly,"Persons, 4-Quarter Moving Average"
UNEMPLOYMO,Unemployment Level for Missouri,Quarterly,"Persons, 4-Quarter Moving Average"
UNEMPLOYMS,Unemployment Level for Mississippi,Quarterly,"Persons, 4-Quarter Moving Average"
UNEMPLOYMT,Unemployment Level for Montana,Quarterly,"Persons, 4-Quarter Moving Average"
UNEMPLOYNC,Unemployment Level for North Carolina,Quarterly,"Persons, 4-Quarter Moving Average"
UNEMPLOYND,Unemployment Level for North Dakota,Quarterly,"Persons, 4-Quarter Moving Average"
UNEMPLOYNE,Unemployment Level for Nebraska,Quarterly,"Persons, 4-Quarter Moving Average"
UNEMPLOYNH,Unemployment Level for New Hampshire,Quarterly,"Persons, 4-Quarter Moving Average"
UNEMPLOYNJ,Unemployment Level for New Jersey,Quarterly,"Persons, 4-Quarter Moving Average"
UNEMPLOYNM,Unemployment Level for New Mexico,Quarterly,"Persons, 4-Quarter Moving Average"
UNEMPLOYNV,Unemployment Level for Nevada,Quarterly,"Persons, 4-Quarter Moving Average"
UNEMPLOYNY,Unemployment Level for New York,Quarterly,"Persons, 4-Quarter Moving Average"
UNEMPLOYOH,Unemployment Level for Ohio,Quarterly,"Persons, 4-Quarter Moving Average"
UNEMPLOYOK,Unemployment Level for Oklahoma,Quarterly,"Persons, 4-Quarter Moving Average"
UNEMPLOYOR,Unemployment Level for Oregon,Quarterly,"Persons, 4-Quarter Moving Average"
UNEMPLOYPA,Unemployment Level for Pennsylvania,Quarterly,"Persons, 4-Quarter Moving Average"
UNEMPLOYRI,Unemployment Level for Rhode Island,Quarterly,"Persons, 4-Quarter Moving Average"
UNEMPLOYSC,Unemployment Level for South Carolina,Quarterly,"Persons, 4-Quarter Moving Average"
UNEMPLOYSD,Unemployment Level for South Dakota,Quarterly,"Persons, 4-Quarter Moving Average"
UNEMPLOYTN,Unemployment Level for Tennessee,Quarterly,"Persons, 4-Quarter Moving Average"
UNEMPLOYTX,Unemployment Level for Texas,Quarterly,"Persons, 4-Quarter Moving Average"
UNEMPLOYUT,Unemployment Level for Utah,Quarterly,"Persons, 4-Quarter Moving Average"
UNEMPLOYVA,Unemployment Level for Virginia,Quarterly,"Persons, 4-Quarter Moving Average"
UNEMPLOYVT,Unemployment Level for Vermont,Quarterly,"Persons, 4-Quarter Moving Average"
UNEMPLOYWA,Unemployment Level for Washington,Quarterly,"Persons, 4-Quarter Moving Average"
UNEMPLOYWI,Unemployment Level for Wisconsin,Quarterly,"Persons, 4-Quarter Moving Average"
UNEMPLOYWV,Unemployment Level for West Virginia,Quarterly,"Persons, 4-Quarter Moving Average"
UNEMPLOYWY,Unemployment Level for Wyoming,Quarterly,"Persons, 4-Quarter Moving Average"
UNRATE,Unemployment Rate,Monthly,Percent
UNRATECTH,"FOMC Summary of Economic Projections for the Civilian Unemployment Rate, Central Tendency, High",Annual,"Fourth Quarter, Percent"
UNRATECTL,"FOMC Summary of Economic Projections for the Civilian Unemployment Rate, Central Tendency, Low",Annual,"Fourth Quarter, Percent"
UNRATECTM,"FOMC Summary of Economic Projections for the Civilian Unemployment Rate, Central Tendency, Midpoint",Annual,"Fourth Quarter, Percent"
UNRATEMD,"FOMC Summary of Economic Projections for the Civilian Unemployment Rate, Median",Annual,Percent
UNRATENSA,Unemployment Rate,Monthly,Percent
UNRATERH,"FOMC Summary of Economic Projections for the Civilian Unemployment Rate, Range, High",Annual,"Fourth Quarter, Percent"
UNRATERL,"FOMC Summary of Economic Projections for the Civilian Unemployment Rate, Range, Low",Annual,"Fourth Quarter, Percent"
UNRATERM,"FOMC Summary of Economic Projections for the Civilian Unemployment Rate, Range, Midpoint",Annual,"Fourth Quarter, Percent"
URYPCPIEPCH,Consumer Prices for Uruguay,Annual,Percent Change
USABSEMFT02STSAM,Business Tendency Surveys: Employment: Economic Activity: Manufacturing: Future Tendency for United States,Monthly,Percentage balance
USABSEMFT02STSAQ,Business Tendency Surveys: Employment: Economic Activity: Manufacturing: Future Tendency for United States,Quarterly,Percentage balance
USACCFDQGSP,Chain-Type Quantity Index for Real GDP: Accommodation and Food Services (72) in the United States,Annual,Index 2017=100
USACCOMDQQGSP,Chain-Type Quantity Index for Real GDP: Accommodation and Food Services (72) in the United States,Quarterly,Index 2017=100
USACP010000CTGYM,"Consumer Price Indices (CPIs, HICPs), COICOP 1999: Consumer Price Index: Food and Non-Alcoholic Beverages for United States",Monthly,"Contribution to growth rate, over 1 year"
USACP010000GYM,"Consumer Price Indices (CPIs, HICPs), COICOP 1999: Consumer Price Index: Food and Non-Alcoholic Beverages for United States",Monthly,Growth rate same period previous year
USACP010000GYQ,"Consumer Price Indices (CPIs, HICPs), COICOP 1999: Consumer Price Index: Food and Non-Alcoholic Beverages for United States",Quarterly,Growth rate same period previous year
USACP010000IXOBM,"Consumer Price Indices (CPIs, HICPs), COICOP 1999: Consumer Price Index: Food and Non-Alcoholic Beverages for United States",Monthly,Index 2015=100
USACP010000IXOBQ,"Consumer Price Indices (CPIs, HICPs), COICOP 1999: Consumer Price Index: Food and Non-Alcoholic Beverages for United States",Quarterly,Index 2015=100
USACP020000CTGYM,"Consumer Price Indices (CPIs, HICPs), COICOP 1999: Consumer Price Index: Alcoholic Beverages, Tobacco and Narcotics for United States",Monthly,"Contribution to growth rate, over 1 year"
USACP020000GYM,"Consumer Price Indices (CPIs, HICPs), COICOP 1999: Consumer Price Index: Alcoholic Beverages, Tobacco and Narcotics for United States",Monthly,Growth rate same period previous year
USACP020000GYQ,"Consumer Price Indices (CPIs, HICPs), COICOP 1999: Consumer Price Index: Alcoholic Beverages, Tobacco and Narcotics for United States",Quarterly,Growth rate same period previous year
USACP020000IXOBM,"Consumer Price Indices (CPIs, HICPs), COICOP 1999: Consumer Price Index: Alcoholic Beverages, Tobacco and Narcotics for United States",Monthly,Index 2015=100
USACP020000IXOBQ,"Consumer Price Indices (CPIs, HICPs), COICOP 1999: Consumer Price Index: Alcoholic Beverages, Tobacco and Narcotics for United States",Quarterly,Index 2015=100
USACP030000CTGYM,"Consumer Price Indices (CPIs, HICPs), COICOP 1999: Consumer Price Index: Clothing and Footwear for United States",Monthly,"Contribution to growth rate, over 1 year"
USACP030000GYM,"Consumer Price Indices (CPIs, HICPs), COICOP 1999: Consumer Price Index: Clothing and Footwear for United States",Monthly,Growth rate same period previous year
USACP030000GYQ,"Consumer Price Indices (CPIs, HICPs), COICOP 1999: Consumer Price Index: Clothing and Footwear for United States",Quarterly,Growth rate same period previous year
USACP030000IXOBM,"Consumer Price Indices (CPIs, HICPs), COICOP 1999: Consumer Price Index: Clothing and Footwear for United States",Monthly,Index 2015=100
USACP030000IXOBQ,"Consumer Price Indices (CPIs, HICPs), COICOP 1999: Consumer Price Index: Clothing and Footwear for United States",Quarterly,Index 2015=100
USACP040000CTGYM,"Consumer Price Indices (CPIs, HICPs), COICOP 1999: Consumer Price Index: Housing, Water, Electricity, Gas and Other Fuels for United States",Monthly,"Contribution to growth rate, over 1 year"
USACP040000GYM,"Consumer Price Indices (CPIs, HICPs), COICOP 1999: Consumer Price Index: Housing, Water, Electricity, Gas and Other Fuels for United States",Monthly,Growth rate same period previous year
USACP040000GYQ,"Consumer Price Indices (CPIs, HICPs), COICOP 1999: Consumer Price Index: Housing, Water, Electricity, Gas and Other Fuels for United States",Quarterly,Growth rate same period previous year
USACP040000IXOBM,"Consumer Price Indices (CPIs, HICPs), COICOP 1999: Consumer Price Index: Housing, Water, Electricity, Gas and Other Fuels for United States",Monthly,Index 2015=100
USACP040000IXOBQ,"Consumer Price Indices (CPIs, HICPs), COICOP 1999: Consumer Price Index: Housing, Water, Electricity, Gas and Other Fuels for United States",Quarterly,Index 2015=100
USACP040100GYM,"Consumer Price Indices (CPIs, HICPs), COICOP 1999: Consumer Price Index: Actual Rentals for Housing for United States",Monthly,Growth rate same period previous year
USACP040100GYQ,"Consumer Price Indices (CPIs, HICPs), COICOP 1999: Consumer Price Index: Actual Rentals for Housing for United States",Quarterly,Growth rate same period previous year
USACP040100IXOBM,"Consumer Price Indices (CPIs, HICPs), COICOP 1999: Consumer Price Index: Actual Rentals for Housing for United States",Monthly,Index 2015=100
USACP040100IXOBQ,"Consumer Price Indices (CPIs, HICPs), COICOP 1999: Consumer Price Index: Actual Rentals for Housing for United States",Quarterly,Index 2015=100
USACP040200GYM,"Consumer Price Indices (CPIs, HICPs), COICOP 1999: Consumer Price Index: Imputed Rentals for Housing for United States",Monthly,Growth rate same period previous year
USACP040200GYQ,"Consumer Price Indices (CPIs, HICPs), COICOP 1999: Consumer Price Index: Imputed Rentals for Housing for United States",Quarterly,Growth rate same period previous year
USACP040200IXOBM,"Consumer Price Indices (CPIs, HICPs), COICOP 1999: Consumer Price Index: Imputed Rentals for Housing for United States",Monthly,Index 2015=100
USACP040200IXOBQ,"Consumer Price Indices (CPIs, HICPs), COICOP 1999: Consumer Price Index: Imputed Rentals for Housing for United States",Quarterly,Index 2015=100
USACP040300GYM,"Consumer Price Indices (CPIs, HICPs), COICOP 1999: Consumer Price Index: Maintenance and Repair of the Dwelling for United States",Monthly,Growth rate same period previous year
USACP040300GYQ,"Consumer Price Indices (CPIs, HICPs), COICOP 1999: Consumer Price Index: Maintenance and Repair of the Dwelling for United States",Quarterly,Growth rate same period previous year
USACP040300IXOBM,"Consumer Price Indices (CPIs, HICPs), COICOP 1999: Consumer Price Index: Maintenance and Repair of the Dwelling for United States",Monthly,Index 2015=100
USACP040300IXOBQ,"Consumer Price Indices (CPIs, HICPs), COICOP 1999: Consumer Price Index: Maintenance and Repair of the Dwelling for United States",Quarterly,Index 2015=100
USACP040400GYM,"Consumer Price Indices (CPIs, HICPs), COICOP 1999: Consumer Price Index: Water Supply and Miscellaneous Services Relating to the Dwelling for United States",Monthly,Growth rate same period previous year
USACP040400GYQ,"Consumer Price Indices (CPIs, HICPs), COICOP 1999: Consumer Price Index: Water Supply and Miscellaneous Services Relating to the Dwelling for United States",Quarterly,Growth rate same period previous year
USACP040400IXOBM,"Consumer Price Indices (CPIs, HICPs), COICOP 1999: Consumer Price Index: Water Supply and Miscellaneous Services Relating to the Dwelling for United States",Monthly,Index 2015=100
USACP040400IXOBQ,"Consumer Price Indices (CPIs, HICPs), COICOP 1999: Consumer Price Index: Water Supply and Miscellaneous Services Relating to the Dwelling for United States",Quarterly,Index 2015=100
USACP040500GYM,"Consumer Price Indices (CPIs, HICPs), COICOP 1999: Consumer Price Index: Electricity, Gas and Other Fuels for United States",Monthly,Growth rate same period previous year
USACP040500GYQ,"Consumer Price Indices (CPIs, HICPs), COICOP 1999: Consumer Price Index: Electricity, Gas and Other Fuels for United States",Quarterly,Growth rate same period previous year
USACP040500IXOBM,"Consumer Price Indices (CPIs, HICPs), COICOP 1999: Consumer Price Index: Electricity, Gas and Other Fuels for United States",Monthly,Index 2015=100
USACP040500IXOBQ,"Consumer Price Indices (CPIs, HICPs), COICOP 1999: Consumer Price Index: Electricity, Gas and Other Fuels for United States",Quarterly,Index 2015=100
USACP050000CTGYM,"Consumer Price Indices (CPIs, HICPs), COICOP 1999: Consumer Price Index: Furnishings, Household Equipment and Routine Household Maintenance for United States",Monthly,"Contribution to growth rate, over 1 year"
USACP050000GYM,"Consumer Price Indices (CPIs, HICPs), COICOP 1999: Consumer Price Index: Furnishings, Household Equipment and Routine Household Maintenance for United States",Monthly,Growth rate same period previous year
USACP050000GYQ,"Consumer Price Indices (CPIs, HICPs), COICOP 1999: Consumer Price Index: Furnishings, Household Equipment and Routine Household Maintenance for United States",Quarterly,Growth rate same period previous year
USACP050000IXOBM,"Consumer Price Indices (CPIs, HICPs), COICOP 1999: Consumer Price Index: Furnishings, Household Equipment and Routine Household Maintenance for United States",Monthly,Index 2015=100
USACP050000IXOBQ,"Consumer Price Indices (CPIs, HICPs), COICOP 1999: Consumer Price Index: Furnishings, Household Equipment and Routine Household Maintenance for United States",Quarterly,Index 2015=100
USACP060000CTGYM,"Consumer Price Indices (CPIs, HICPs), COICOP 1999: Consumer Price Index: Health for United States",Monthly,"Contribution to growth rate, over 1 year"
USACP060000GYM,"Consumer Price Indices (CPIs, HICPs), COICOP 1999: Consumer Price Index: Health for United States",Monthly,Growth rate same period previous year
USACP060000GYQ,"Consumer Price Indices (CPIs, HICPs), COICOP 1999: Consumer Price Index: Health for United States",Quarterly,Growth rate same period previous year
USACP060000IXOBM,"Consumer Price Indices (CPIs, HICPs), COICOP 1999: Consumer Price Index: Health for United States",Monthly,Index 2015=100
USACP060000IXOBQ,"Consumer Price Indices (CPIs, HICPs), COICOP 1999: Consumer Price Index: Health for United States",Quarterly,Index 2015=100
USACP070000CTGYM,"Consumer Price Indices (CPIs, HICPs), COICOP 1999: Consumer Price Index: Transport for United States",Monthly,"Contribution to growth rate, over 1 year"
USACP070000GYM,"Consumer Price Indices (CPIs, HICPs), COICOP 1999: Consumer Price Index: Transport for United States",Monthly,Growth rate same period previous year
USACP070000GYQ,"Consumer Price Indices (CPIs, HICPs), COICOP 1999: Consumer Price Index: Transport for United States",Quarterly,Growth rate same period previous year
USACP070000IXOBM,"Consumer Price Indices (CPIs, HICPs), COICOP 1999: Consumer Price Index: Transport for United States",Monthly,Index 2015=100
USACP070000IXOBQ,"Consumer Price Indices (CPIs, HICPs), COICOP 1999: Consumer Price Index: Transport for United States",Quarterly,Index 2015=100
USACP070200GYM,"Consumer Price Indices (CPIs, HICPs), COICOP 1999: Consumer Price Index: Fuels and Lubricants for Personal Transport Equipment for United States",Monthly,Growth rate same period previous year
USACP070200GYQ,"Consumer Price Indices (CPIs, HICPs), COICOP 1999: Consumer Price Index: Fuels and Lubricants for Personal Transport Equipment for United States",Quarterly,Growth rate same period previous year
USACP080000CTGYM,"Consumer Price Indices (CPIs, HICPs), COICOP 1999: Consumer Price Index: Communication for United States",Monthly,"Contribution to growth rate, over 1 year"
USACP080000GYM,"Consumer Price Indices (CPIs, HICPs), COICOP 1999: Consumer Price Index: Communication for United States",Monthly,Growth rate same period previous year
USACP080000GYQ,"Consumer Price Indices (CPIs, HICPs), COICOP 1999: Consumer Price Index: Communication for United States",Quarterly,Growth rate same period previous year
USACP080000IXOBM,"Consumer Price Indices (CPIs, HICPs), COICOP 1999: Consumer Price Index: Communication for United States",Monthly,Index 2015=100
USACP080000IXOBQ,"Consumer Price Indices (CPIs, HICPs), COICOP 1999: Consumer Price Index: Communication for United States",Quarterly,Index 2015=100
USACP090000CTGYM,"Consumer Price Indices (CPIs, HICPs), COICOP 1999: Consumer Price Index: Recreation and Culture for United States",Monthly,"Contribution to growth rate, over 1 year"
USACP090000GYM,"Consumer Price Indices (CPIs, HICPs), COICOP 1999: Consumer Price Index: Recreation and Culture for United States",Monthly,Growth rate same period previous year
USACP090000GYQ,"Consumer Price Indices (CPIs, HICPs), COICOP 1999: Consumer Price Index: Recreation and Culture for United States",Quarterly,Growth rate same period previous year
USACP090000IXOBM,"Consumer Price Indices (CPIs, HICPs), COICOP 1999: Consumer Price Index: Recreation and Culture for United States",Monthly,Index 2015=100
USACP090000IXOBQ,"Consumer Price Indices (CPIs, HICPs), COICOP 1999: Consumer Price Index: Recreation and Culture for United States",Quarterly,Index 2015=100
USACP100000CTGYM,"Consumer Price Indices (CPIs, HICPs), COICOP 1999: Consumer Price Index: Education for United States",Monthly,"Contribution to growth rate, over 1 year"
USACP100000GYM,"Consumer Price Indices (CPIs, HICPs), COICOP 1999: Consumer Price Index: Education for United States",Monthly,Growth rate same period previous year
USACP100000GYQ,"Consumer Price Indices (CPIs, HICPs), COICOP 1999: Consumer Price Index: Education for United States",Quarterly,Growth rate same period previous year
USACP100000IXOBM,"Consumer Price Indices (CPIs, HICPs), COICOP 1999: Consumer Price Index: Education for United States",Monthly,Index 2015=100
USACP100000IXOBQ,"Consumer Price Indices (CPIs, HICPs), COICOP 1999: Consumer Price Index: Education for United States",Quarterly,Index 2015=100
USACP110000CTGYM,"Consumer Price Indices (CPIs, HICPs), COICOP 1999: Consumer Price Index: Restaurants and Hotels for United States",Monthly,"Contribution to growth rate, over 1 year"
USACP110000GYM,"Consumer Price Indices (CPIs, HICPs), COICOP 1999: Consumer Price Index: Restaurants and Hotels for United States",Monthly,Growth rate same period previous year
USACP110000GYQ,"Consumer Price Indices (CPIs, HICPs), COICOP 1999: Consumer Price Index: Restaurants and Hotels for United States",Quarterly,Growth rate same period previous year
USACP110000IXOBM,"Consumer Price Indices (CPIs, HICPs), COICOP 1999: Consumer Price Index: Restaurants and Hotels for United States",Monthly,Index 2015=100
USACP110000IXOBQ,"Consumer Price Indices (CPIs, HICPs), COICOP 1999: Consumer Price Index: Restaurants and Hotels for United States",Quarterly,Index 2015=100
USACP120000CTGYM,"Consumer Price Indices (CPIs, HICPs), COICOP 1999: Consumer Price Index: Miscellaneous Goods and Services for United States",Monthly,"Contribution to growth rate, over 1 year"
USACP120000GYM,"Consumer Price Indices (CPIs, HICPs), COICOP 1999: Consumer Price Index: Miscellaneous Goods and Services for United States",Monthly,Growth rate same period previous year
USACP120000GYQ,"Consumer Price Indices (CPIs, HICPs), COICOP 1999: Consumer Price Index: Miscellaneous Goods and Services for United States",Quarterly,Growth rate same period previous year
USACP120000IXOBM,"Consumer Price Indices (CPIs, HICPs), COICOP 1999: Consumer Price Index: Miscellaneous Goods and Services for United States",Monthly,Index 2015=100
USACP120000IXOBQ,"Consumer Price Indices (CPIs, HICPs), COICOP 1999: Consumer Price Index: Miscellaneous Goods and Services for United States",Quarterly,Index 2015=100
USACPALTT01CTGYM,"Consumer Price Indices (CPIs, HICPs), COICOP 1999: Consumer Price Index: Total for United States",Monthly,"Contribution to growth rate, over 1 year"
USACPGRGO01GYM,"Consumer Price Indices (CPIs, HICPs), COICOP 1999: Consumer Price Index: Goods for United States",Monthly,Growth rate same period previous year
USACPGRGO01GYQ,"Consumer Price Indices (CPIs, HICPs), COICOP 1999: Consumer Price Index: Goods for United States",Quarterly,Growth rate same period previous year
USACPGRGO01IXOBM,"Consumer Price Indices (CPIs, HICPs), COICOP 1999: Consumer Price Index: Goods for United States",Monthly,Index 2015=100
USACPGRGO01IXOBQ,"Consumer Price Indices (CPIs, HICPs), COICOP 1999: Consumer Price Index: Goods for United States",Quarterly,Index 2015=100
USACPGRHO01IXOBM,"Consumer Price Indices (CPIs, HICPs), COICOP 1999: Consumer Price Index: Housing for United States",Monthly,Index 2015=100
USACPGRHO01IXOBQ,"Consumer Price Indices (CPIs, HICPs), COICOP 1999: Consumer Price Index: Housing for United States",Quarterly,Index 2015=100
USACPGRLE01IXOBSAM,"Consumer Price Indices (CPIs, HICPs), COICOP 1999: Consumer Price Index: All Items Non-Food Non-Energy for United States",Monthly,Index 2015=100
USACPGRLE01IXOBSAQ,"Consumer Price Indices (CPIs, HICPs), COICOP 1999: Consumer Price Index: All Items Non-Food Non-Energy for United States",Quarterly,Index 2015=100
USACPGRLH01IXOBM,"Consumer Price Indices (CPIs, HICPs), COICOP 1999: Consumer Price Index: Services Less Housing for United States",Monthly,Index 2015=100
USACPGRLH01IXOBQ,"Consumer Price Indices (CPIs, HICPs), COICOP 1999: Consumer Price Index: Services Less Housing for United States",Quarterly,Index 2015=100
USACPGRSE01GYM,"Consumer Price Indices (CPIs, HICPs), COICOP 1999: Consumer Price Index: Services for United States",Monthly,Growth rate same period previous year
USACPGRSE01GYQ,"Consumer Price Indices (CPIs, HICPs), COICOP 1999: Consumer Price Index: Services for United States",Quarterly,Growth rate same period previous year
USACPGRSE01IXOBM,"Consumer Price Indices (CPIs, HICPs), COICOP 1999: Consumer Price Index: Services for United States",Monthly,Index 2015=100
USACPGRSE01IXOBQ,"Consumer Price Indices (CPIs, HICPs), COICOP 1999: Consumer Price Index: Services for United States",Quarterly,Index 2015=100
USACPHP0100GYM,"Consumer Price Indices (CPIs, HICPs), COICOP 1999: Consumer Price Index: Food and Non-Alcoholic Beverages for United States",Monthly,Growth rate same period previous year
USACPHP0100IXOBM,"Consumer Price Indices (CPIs, HICPs), COICOP 1999: Consumer Price Index: Food and Non-Alcoholic Beverages for United States",Monthly,Index 2015=100
USACPHP0200GYM,"Consumer Price Indices (CPIs, HICPs), COICOP 1999: Consumer Price Index: Alcoholic Beverages, Tobacco and Narcotics for United States",Monthly,Growth rate same period previous year
USACPHP0200IXOBM,"Consumer Price Indices (CPIs, HICPs), COICOP 1999: Consumer Price Index: Alcoholic Beverages, Tobacco and Narcotics for United States",Monthly,Index 2015=100
USACPHP0300GYM,"Consumer Price Indices (CPIs, HICPs), COICOP 1999: Consumer Price Index: Clothing and Footwear for United States",Monthly,Growth rate same period previous year
USACPHP0300IXOBM,"Consumer Price Indices (CPIs, HICPs), COICOP 1999: Consumer Price Index: Clothing and Footwear for United States",Monthly,Index 2015=100
USACPHP0400GYM,"Consumer Price Indices (CPIs, HICPs), COICOP 1999: Consumer Price Index: Housing, Water, Electricity, Gas and Other Fuels for United States",Monthly,Growth rate same period previous year
USACPHP0400IXOBM,"Consumer Price Indices (CPIs, HICPs), COICOP 1999: Consumer Price Index: Housing, Water, Electricity, Gas and Other Fuels for United States",Monthly,Index 2015=100
USACPHP0500GYM,"Consumer Price Indices (CPIs, HICPs), COICOP 1999: Consumer Price Index: Furnishings, Household Equipment and Routine Household Maintenance for United States",Monthly,Growth rate same period previous year
USACPHP0500IXOBM,"Consumer Price Indices (CPIs, HICPs), COICOP 1999: Consumer Price Index: Furnishings, Household Equipment and Routine Household Maintenance for United States",Monthly,Index 2015=100
USACPHP0600GYM,"Consumer Price Indices (CPIs, HICPs), COICOP 1999: Consumer Price Index: Health for United States",Monthly,Growth rate same period previous year
USACPHP0600IXOBM,"Consumer Price Indices (CPIs, HICPs), COICOP 1999: Consumer Price Index: Health for United States",Monthly,Index 2015=100
USACPHP0700GYM,"Consumer Price Indices (CPIs, HICPs), COICOP 1999: Consumer Price Index: Transport for United States",Monthly,Growth rate same period previous year
USACPHP0700IXOBM,"Consumer Price Indices (CPIs, HICPs), COICOP 1999: Consumer Price Index: Transport for United States",Monthly,Index 2015=100
USACPHP0800GYM,"Consumer Price Indices (CPIs, HICPs), COICOP 1999: Consumer Price Index: Communication for United States",Monthly,Growth rate same period previous year
USACPHP0800IXOBM,"Consumer Price Indices (CPIs, HICPs), COICOP 1999: Consumer Price Index: Communication for United States",Monthly,Index 2015=100
USACPHP0900GYM,"Consumer Price Indices (CPIs, HICPs), COICOP 1999: Consumer Price Index: Recreation and Culture for United States",Monthly,Growth rate same period previous year
USACPHP0900IXOBM,"Consumer Price Indices (CPIs, HICPs), COICOP 1999: Consumer Price Index: Recreation and Culture for United States",Monthly,Index 2015=100
USACPHP1000GYM,"Consumer Price Indices (CPIs, HICPs), COICOP 1999: Consumer Price Index: Education for United States",Monthly,Growth rate same period previous year
USACPHP1000IXOBM,"Consumer Price Indices (CPIs, HICPs), COICOP 1999: Consumer Price Index: Education for United States",Monthly,Index 2015=100
USACPHP1100GYM,"Consumer Price Indices (CPIs, HICPs), COICOP 1999: Consumer Price Index: Restaurants and Hotels for United States",Monthly,Growth rate same period previous year
USACPHP1100IXOBM,"Consumer Price Indices (CPIs, HICPs), COICOP 1999: Consumer Price Index: Restaurants and Hotels for United States",Monthly,Index 2015=100
USACPHP1200GYM,"Consumer Price Indices (CPIs, HICPs), COICOP 1999: Consumer Price Index: Miscellaneous Goods and Services for United States",Monthly,Growth rate same period previous year
USACPHP1200IXOBM,"Consumer Price Indices (CPIs, HICPs), COICOP 1999: Consumer Price Index: Miscellaneous Goods and Services for United States",Monthly,Index 2015=100
USACPIALLAINMEI,"Consumer Price Indices (CPIs, HICPs), COICOP 1999: Consumer Price Index: Total for United States",Annual,Index 2015=100
USACPIALLMINMEI,"Consumer Price Indices (CPIs, HICPs), COICOP 1999: Consumer Price Index: Total for United States",Monthly,Index 2015=100
USACPIALLQINMEI,"Consumer Price Indices (CPIs, HICPs), COICOP 1999: Consumer Price Index: Total for United States",Quarterly,Index 2015=100
USACPICORAINMEI,"Consumer Price Indices (CPIs, HICPs), COICOP 1999: Consumer Price Index: All Items Non-Food Non-Energy for United States",Annual,Index 2015=100
USACPICORMINMEI,"Consumer Price Indices (CPIs, HICPs), COICOP 1999: Consumer Price Index: All Items Non-Food Non-Energy for United States",Monthly,Index 2015=100
USACPICORQINMEI,"Consumer Price Indices (CPIs, HICPs), COICOP 1999: Consumer Price Index: All Items Non-Food Non-Energy for United States",Quarterly,Index 2015=100
USACPIENGAINMEI,"Consumer Price Indices (CPIs, HICPs), COICOP 1999: Consumer Price Index: Energy for United States",Annual,Index 2015=100
USACPIENGMINMEI,"Consumer Price Indices (CPIs, HICPs), COICOP 1999: Consumer Price Index: Energy for United States",Monthly,Index 2015=100
USACPIENGQINMEI,"Consumer Price Indices (CPIs, HICPs), COICOP 1999: Consumer Price Index: Energy for United States",Quarterly,Index 2015=100
USACPIHICAINMEI,"Consumer Price Indices (CPIs, HICPs), COICOP 1999: Consumer Price Index: Total for United States",Annual,Index 2015=100
USACPIHICMINMEI,"Consumer Price Indices (CPIs, HICPs), COICOP 1999: Consumer Price Index: Total for United States",Monthly,Index 2015=100
USACPSDCTGYCTGYM,"Consumer Price Indices (CPIs, HICPs), COICOP 1999: Consumer Price Index: Residuals for United States",Monthly,"Contribution to growth rate, over 1 year"
USADMINWASTQGSP,Chain-Type Quantity Index for Real GDP: Administrative and Support and Waste Management and Remediation Services (56) in the United States,Annual,Index 2017=100
USADMINWASTQQGSP,Chain-Type Quantity Index for Real GDP: Administrative and Support and Waste Management and Remediation Services (56) in the United States,Quarterly,Index 2017=100
USAGDPRAPSMEI,National Accounts: GDP by Expenditure: Constant Prices: Gross Domestic Product: Total for United States,Annual,Growth rate same period previous year
USAGDPRQPSMEI,National Accounts: GDP by Expenditure: Constant Prices: Gross Domestic Product: Total for United States,Quarterly,Growth rate same period previous year
USAGRQGSP,"Chain-Type Quantity Index for Real GDP: Agriculture, Forestry, Fishing and Hunting (11) in the United States",Annual,Index 2017=100
USAGRQQGSP,"Chain-Type Quantity Index for Real GDP: Agriculture, Forestry, Fishing and Hunting (11) in the United States",Quarterly,Index 2017=100
USAPCPIEPCH,Consumer Prices for United States,Annual,Percent Change
USARTENTRECQGSP,"Chain-Type Quantity Index for Real GDP: Arts, Entertainment, and Recreation (71) in the United States",Annual,Index 2017=100
USARTENTRECQQGSP,"Chain-Type Quantity Index for Real GDP: Arts, Entertainment, and Recreation (71) in the United States",Quarterly,Index 2017=100
USARTETRTACCFDQGSP,"Chain-Type Quantity Index for Real GDP: Arts, Entertainment, Recreation, Accommodation, and Food Services (71, 72) in the United States",Annual,Index 2017=100
USCONS,"All Employees, Construction",Monthly,Thousands of Persons
USCONSTQGSP,Chain-Type Quantity Index for Real GDP: Construction (23) in the United States,Annual,Index 2017=100
USCONSTQQGSP,Chain-Type Quantity Index for Real GDP: Construction (23) in the United States,Quarterly,Index 2017=100
USDURMANQGSP,"Chain-Type Quantity Index for Real GDP: Durable Goods Manufacturing (321, 327-339) in the United States",Annual,Index 2017=100
USDURMANQQGSP,"Chain-Type Quantity Index for Real GDP: Durable Goods Manufacturing (321, 327-339) in the United States",Quarterly,Index 2017=100
USEDCATQGSP,Chain-Type Quantity Index for Real GDP: Educational Services (61) in the United States,Annual,Index 2017=100
USEDCATQQGSP,Chain-Type Quantity Index for Real GDP: Educational Services (61) in the United States,Quarterly,Index 2017=100
USEDHLTHSOCASSQGSP,"Chain-Type Quantity Index for Real GDP: Educational Services, Health Care, and Social Assistance (61, 62) in the United States",Annual,Index 2017=100
USEHS,"All Employees, Private Education and Health Services",Monthly,Thousands of Persons
USFININSQGSP,Chain-Type Quantity Index for Real GDP: Finance and Insurance (52) in the United States,Annual,Index 2017=100
USFININSQQGSP,Chain-Type Quantity Index for Real GDP: Finance and Insurance (52) in the United States,Quarterly,Index 2017=100
USFININSREALQGSP,"Chain-Type Quantity Index for Real GDP: Finance, Insurance, Real Estate, Rental, and Leasing (52, 53) in the United States",Annual,Index 2017=100
USFIRE,"All Employees, Financial Activities",Monthly,Thousands of Persons
USGOVFEDCIVQGSP,Chain-Type Quantity Index for Real GDP: Federal Civilian in the United States,Annual,Index 2017=100
USGOVFEDMILQGSP,Chain-Type Quantity Index for Real GDP: Military in the United States,Annual,Index 2017=100
USGOVQGSP,Chain-Type Quantity Index for Real GDP: Government and Government Enterprises (92) in the United States,Annual,Index 2017=100
USGOVQQGSP,Chain-Type Quantity Index for Real GDP: Government and Government Enterprises (92) in the United States,Quarterly,Index 2017=100
USGOVSLQGSP,Chain-Type Quantity Index for Real GDP: State and Local in the United States,Annual,Index 2017=100
USGOVT,"All Employees, Government",Monthly,Thousands of Persons
USGSEC,"Treasury and Agency Securities, All Commercial Banks",Monthly,Billions of U.S. Dollars
USGSECNSA,"Treasury and Agency Securities, All Commercial Banks",Monthly,Billions of U.S. Dollars
USHLTHSOCASSQGSP,Chain-Type Quantity Index for Real GDP: Health Care and Social Assistance (62) in the United States,Annual,Index 2017=100
USHLTHSOCASSQQGSP,Chain-Type Quantity Index for Real GDP: Health Care and Social Assistance (62) in the United States,Quarterly,Index 2017=100
USINFO,"All Employees, Information",Monthly,Thousands of Persons
USINFOQGSP,Chain-Type Quantity Index for Real GDP: Information (51) in the United States,Annual,Index 2017=100
USINFOQQGSP,Chain-Type Quantity Index for Real GDP: Information (51) in the United States,Quarterly,Index 2017=100
USLAH,"All Employees, Leisure and Hospitality",Monthly,Thousands of Persons
USMANQGSP,Chain-Type Quantity Index for Real GDP: Manufacturing (31-33) in the United States,Annual,Index 2017=100
USMANQQGSP,Chain-Type Quantity Index for Real GDP: Manufacturing (31-33) in the United States,Quarterly,Index 2017=100
USMINE,"All Employees, Mining and Logging",Monthly,Thousands of Persons
USMINQGSP,"Chain-Type Quantity Index for Real GDP: Mining, Quarrying, and Oil and Gas Extraction (21) in the United States",Annual,Index 2017=100
USMINQQGSP,"Chain-Type Quantity Index for Real GDP: Mining, Quarrying, and Oil and Gas Extraction (21) in the United States",Quarterly,Index 2017=100
USMNGCOENTPRQGSP,Chain-Type Quantity Index for Real GDP: Management of Companies and Enterprises (55) in the United States,Annual,Index 2017=100
USMNGCOENTPRQQGSP,Chain-Type Quantity Index for Real GDP: Management of Companies and Enterprises (55) in the United States,Quarterly,Index 2017=100
USNATRESMINQGSP,"Chain-Type Quantity Index for Real GDP: Natural Resources and Mining (11, 21) in the United States",Annual,Index 2017=100
USNDURMANQGSP,"Chain-Type Quantity Index for Real GDP: Nondurable Goods Manufacturing (311-316, 322-326) in the United States",Annual,Index 2017=100
USNDURMANQQGSP,"Chain-Type Quantity Index for Real GDP: Nondurable Goods Manufacturing (311-316, 322-326) in the United States",Quarterly,Index 2017=100
USOTHSERVEQGSP,Chain-Type Quantity Index for Real GDP: Other Services (Except Government and Government Enterprises) (81) in the United States,Annual,Index 2017=100
USOTHSERVEQQGSP,Chain-Type Quantity Index for Real GDP: Other Services (Except Government and Government Enterprises) (81) in the United States,Quarterly,Index 2017=100
USPBS,"All Employees, Professional and Business Services",Monthly,Thousands of Persons
USPHCI,Coincident Economic Activity Index for the United States,Monthly,Index 2007=100
USPIQGSP,Chain-Type Quantity Index for Real GDP: Private Industries in the United States,Annual,Index 2017=100
USPIQQGSP,Chain-Type Quantity Index for Real GDP: Private Industries in the United States,Quarterly,Index 2017=100
USPRIGOODPROQGSP,Chain-Type Quantity Index for Real GDP: Private Goods-Producing Industries in the United States,Annual,Index 2017=100
USPRISERVPROQGSP,Chain-Type Quantity Index for Real GDP: Private Services-Providing Industries in the United States,Annual,Index 2017=100
USPRIV,"All Employees, Total Private",Monthly,Thousands of Persons
USPROBUSQGSP,"Chain-Type Quantity Index for Real GDP: Professional and Business Services (54, 55, 56) in the United States",Annual,Index 2017=100
USPROBUSQQGSP,"Chain-Type Quantity Index for Real GDP: Professional, Scientific, and Technical Services (54) in the United States",Quarterly,Index 2017=100
USPROSCITCHQGSP,"Chain-Type Quantity Index for Real GDP: Professional, Scientific, and Technical Services (54) in the United States",Annual,Index 2017=100
USQGSP,Chain-Type Quantity Index for Real GDP: All Industry Total in the United States,Annual,Index 2017=100
USQQGSP,Chain-Type Quantity Index for Real GDP: All Industry Total in the United States,Quarterly,Index 2017=100
USRERENTLEAQGSP,Chain-Type Quantity Index for Real GDP: Real Estate and Rental and Leasing (53) in the United States,Annual,Index 2017=100
USRERENTLEAQQGSP,Chain-Type Quantity Index for Real GDP: Real Estate and Rental and Leasing (53) in the United States,Quarterly,Index 2017=100
USRETAILQGSP,Chain-Type Quantity Index for Real GDP: Retail Trade (44-45) in the United States,Annual,Index 2017=100
USRETAILQQGSP,Chain-Type Quantity Index for Real GDP: Retail Trade (44-45) in the United States,Quarterly,Index 2017=100
USSERV,"All Employees, Other Services",Monthly,Thousands of Persons
USTRADE,"All Employees, Retail Trade",Monthly,Thousands of Persons
USTRADEQGSP,"Chain-Type Quantity Index for Real GDP: Trade (42, 44-45) in the United States",Annual,Index 2017=100
USTRANSUTILQGSP,"Chain-Type Quantity Index for Real GDP: Transportation and Utilities (22, 48-49) in the United States",Annual,Index 2017=100
USTRANSWAREQGSP,Chain-Type Quantity Index for Real GDP: Transportation and Warehousing (48-49) in the United States,Annual,Index 2017=100
USTRANSWAREQQGSP,Chain-Type Quantity Index for Real GDP: Transportation and Warehousing (48-49) in the United States,Quarterly,Index 2017=100
USUTILQGSP,Chain-Type Quantity Index for Real GDP: Utilities (22) in the United States,Annual,Index 2017=100
USUTILQQGSP,Chain-Type Quantity Index for Real GDP: Utilities (22) in the United States,Quarterly,Index 2017=100
USWHOLEQGSP,Chain-Type Quantity Index for Real GDP: Wholesale Trade (42) in the United States,Annual,Index 2017=100
USWHOLEQQGSP,Chain-Type Quantity Index for Real GDP: Wholesale Trade (42) in the United States,Quarterly,Index 2017=100
USWTRADE,"All Employees, Wholesale Trade",Monthly,Thousands of Persons
UTACCFDQGSP,Chain-Type Quantity Index for Real GDP: Accommodation and Food Services (72) in Utah,Annual,Index 2017=100
UTACCOMDQQGSP,Chain-Type Quantity Index for Real GDP: Accommodation and Food Services (72) in Utah,Quarterly,Index 2017=100
UTADMINWASTQGSP,Chain-Type Quantity Index for Real GDP: Administrative and Support and Waste Management and Remediation Services (56) in Utah,Annual,Index 2017=100
UTADMINWASTQQGSP,Chain-Type Quantity Index for Real GDP: Administrative and Support and Waste Management and Remediation Services (56) in Utah,Quarterly,Index 2017=100
UTAGRQGSP,"Chain-Type Quantity Index for Real GDP: Agriculture, Forestry, Fishing and Hunting (11) in Utah",Annual,Index 2017=100
UTAGRQQGSP,"Chain-Type Quantity Index for Real GDP: Agriculture, Forestry, Fishing and Hunting (11) in Utah",Quarterly,Index 2017=100
UTARTENTRECQGSP,"Chain-Type Quantity Index for Real GDP: Arts, Entertainment, and Recreation (71) in Utah",Annual,Index 2017=100
UTARTENTRECQQGSP,"Chain-Type Quantity Index for Real GDP: Arts, Entertainment, and Recreation (71) in Utah",Quarterly,Index 2017=100
UTARTETRTACCFDQGSP,"Chain-Type Quantity Index for Real GDP: Arts, Entertainment, Recreation, Accommodation, and Food Services (71, 72) in Utah",Annual,Index 2017=100
UTCCLAIMS,Continued Claims (Insured Unemployment) in Utah,"Weekly, Ending Saturday",Number
UTCEMPLOY,Covered Employment in Utah,"Weekly, Ending Saturday",Number
UTCONSTQGSP,Chain-Type Quantity Index for Real GDP: Construction (23) in Utah,Annual,Index 2017=100
UTCONSTQQGSP,Chain-Type Quantity Index for Real GDP: Construction (23) in Utah,Quarterly,Index 2017=100
UTDURMANQGSP,"Chain-Type Quantity Index for Real GDP: Durable Goods Manufacturing (321, 327-339) in Utah",Annual,Index 2017=100
UTDURMANQQGSP,"Chain-Type Quantity Index for Real GDP: Durable Goods Manufacturing (321, 327-339) in Utah",Quarterly,Index 2017=100
UTEDCATQGSP,Chain-Type Quantity Index for Real GDP: Educational Services (61) in Utah,Annual,Index 2017=100
UTEDCATQQGSP,Chain-Type Quantity Index for Real GDP: Educational Services (61) in Utah,Quarterly,Index 2017=100
UTEDHLTHSOCASSQGSP,"Chain-Type Quantity Index for Real GDP: Educational Services, Health Care, and Social Assistance (61, 62) in Utah",Annual,Index 2017=100
UTFININSQGSP,Chain-Type Quantity Index for Real GDP: Finance and Insurance (52) in Utah,Annual,Index 2017=100
UTFININSQQGSP,Chain-Type Quantity Index for Real GDP: Finance and Insurance (52) in Utah,Quarterly,Index 2017=100
UTFININSREALQGSP,"Chain-Type Quantity Index for Real GDP: Finance, Insurance, Real Estate, Rental, and Leasing (52, 53) in Utah",Annual,Index 2017=100
UTGOVFEDCIVQGSP,Chain-Type Quantity Index for Real GDP: Federal Civilian in Utah,Annual,Index 2017=100
UTGOVFEDMILQGSP,Chain-Type Quantity Index for Real GDP: Military in Utah,Annual,Index 2017=100
UTGOVQGSP,Chain-Type Quantity Index for Real GDP: Government and Government Enterprises (92) in Utah,Annual,Index 2017=100
UTGOVQQGSP,Chain-Type Quantity Index for Real GDP: Government and Government Enterprises (92) in Utah,Quarterly,Index 2017=100
UTGOVSLQGSP,Chain-Type Quantity Index for Real GDP: State and Local in Utah,Annual,Index 2017=100
UTHLTHSOCASSQGSP,Chain-Type Quantity Index for Real GDP: Health Care and Social Assistance (62) in Utah,Annual,Index 2017=100
UTHLTHSOCASSQQGSP,Chain-Type Quantity Index for Real GDP: Health Care and Social Assistance (62) in Utah,Quarterly,Index 2017=100
UTINFOQGSP,Chain-Type Quantity Index for Real GDP: Information (51) in Utah,Annual,Index 2017=100
UTINFOQQGSP,Chain-Type Quantity Index for Real GDP: Information (51) in Utah,Quarterly,Index 2017=100
UTINSUREDUR,Insured Unemployment Rate in Utah,"Weekly, Ending Saturday",Percent
UTMANQGSP,Chain-Type Quantity Index for Real GDP: Manufacturing (31-33) in Utah,Annual,Index 2017=100
UTMANQQGSP,Chain-Type Quantity Index for Real GDP: Manufacturing (31-33) in Utah,Quarterly,Index 2017=100
UTMINQGSP,"Chain-Type Quantity Index for Real GDP: Mining, Quarrying, and Oil and Gas Extraction (21) in Utah",Annual,Index 2017=100
UTMINQQGSP,"Chain-Type Quantity Index for Real GDP: Mining, Quarrying, and Oil and Gas Extraction (21) in Utah",Quarterly,Index 2017=100
UTMNGCOENTPRQGSP,Chain-Type Quantity Index for Real GDP: Management of Companies and Enterprises (55) in Utah,Annual,Index 2017=100
UTMNGCOENTPRQQGSP,Chain-Type Quantity Index for Real GDP: Management of Companies and Enterprises (55) in Utah,Quarterly,Index 2017=100
UTNATRESMINQGSP,"Chain-Type Quantity Index for Real GDP: Natural Resources and Mining (11, 21) in Utah",Annual,Index 2017=100
UTNDURMANQGSP,"Chain-Type Quantity Index for Real GDP: Nondurable Goods Manufacturing (311-316, 322-326) in Utah",Annual,Index 2017=100
UTNDURMANQQGSP,"Chain-Type Quantity Index for Real GDP: Nondurable Goods Manufacturing (311-316, 322-326) in Utah",Quarterly,Index 2017=100
UTOBEN,State Unemployment Benefits in Utah,Quarterly,Thousands of Dollars
UTOTHSERVEQGSP,Chain-Type Quantity Index for Real GDP: Other Services (Except Government and Government Enterprises) (81) in Utah,Annual,Index 2017=100
UTOTHSERVEQQGSP,Chain-Type Quantity Index for Real GDP: Other Services (Except Government and Government Enterprises) (81) in Utah,Quarterly,Index 2017=100
UTPIQGSP,Chain-Type Quantity Index for Real GDP: Private Industries in Utah,Annual,Index 2017=100
UTPIQQGSP,Chain-Type Quantity Index for Real GDP: Private Industries in Utah,Quarterly,Index 2017=100
UTPRIGOODPROQGSP,Chain-Type Quantity Index for Real GDP: Private Goods-Producing Industries in Utah,Annual,Index 2017=100
UTPRISERVPROQGSP,Chain-Type Quantity Index for Real GDP: Private Services-Providing Industries in Utah,Annual,Index 2017=100
UTPROBUSQGSP,"Chain-Type Quantity Index for Real GDP: Professional and Business Services (54, 55, 56) in Utah",Annual,Index 2017=100
UTPROBUSQQGSP,"Chain-Type Quantity Index for Real GDP: Professional, Scientific, and Technical Services (54) in Utah",Quarterly,Index 2017=100
UTPROSCITCHQGSP,"Chain-Type Quantity Index for Real GDP: Professional, Scientific, and Technical Services (54) in Utah",Annual,Index 2017=100
UTQGSP,Chain-Type Quantity Index for Real GDP: All Industry Total in Utah,Annual,Index 2017=100
UTQQGSP,Chain-Type Quantity Index for Real GDP: All Industry Total in Utah,Quarterly,Index 2017=100
UTRERENTLEAQGSP,Chain-Type Quantity Index for Real GDP: Real Estate and Rental and Leasing (53) in Utah,Annual,Index 2017=100
UTRERENTLEAQQGSP,Chain-Type Quantity Index for Real GDP: Real Estate and Rental and Leasing (53) in Utah,Quarterly,Index 2017=100
UTRETAILQGSP,Chain-Type Quantity Index for Real GDP: Retail Trade (44-45) in Utah,Annual,Index 2017=100
UTRETAILQQGSP,Chain-Type Quantity Index for Real GDP: Retail Trade (44-45) in Utah,Quarterly,Index 2017=100
UTTRADEQGSP,"Chain-Type Quantity Index for Real GDP: Trade (42, 44-45) in Utah",Annual,Index 2017=100
UTTRANSUTILQGSP,"Chain-Type Quantity Index for Real GDP: Transportation and Utilities (22, 48-49) in Utah",Annual,Index 2017=100
UTTRANSWAREQGSP,Chain-Type Quantity Index for Real GDP: Transportation and Warehousing (48-49) in Utah,Annual,Index 2017=100
UTTRANSWAREQQGSP,Chain-Type Quantity Index for Real GDP: Transportation and Warehousing (48-49) in Utah,Quarterly,Index 2017=100
UTUR,Unemployment Rate in Utah,Monthly,Percent
UTURN,Unemployment Rate in Utah,Monthly,Percent
UTUTILQGSP,Chain-Type Quantity Index for Real GDP: Utilities (22) in Utah,Annual,Index 2017=100
UTUTILQQGSP,Chain-Type Quantity Index for Real GDP: Utilities (22) in Utah,Quarterly,Index 2017=100
UTWHOLEQGSP,Chain-Type Quantity Index for Real GDP: Wholesale Trade (42) in Utah,Annual,Index 2017=100
UTWHOLEQQGSP,Chain-Type Quantity Index for Real GDP: Wholesale Trade (42) in Utah,Quarterly,Index 2017=100
UZBPCPIPCHPT,Consumer Price Inflation for Uzbekistan,Annual,Percent Change
VAACCFDQGSP,Chain-Type Quantity Index for Real GDP: Accommodation and Food Services (72) in Virginia,Annual,Index 2017=100
VAACCOMDQQGSP,Chain-Type Quantity Index for Real GDP: Accommodation and Food Services (72) in Virginia,Quarterly,Index 2017=100
VAADMINWASTQGSP,Chain-Type Quantity Index for Real GDP: Administrative and Support and Waste Management and Remediation Services (56) in Virginia,Annual,Index 2017=100
VAADMINWASTQQGSP,Chain-Type Quantity Index for Real GDP: Administrative and Support and Waste Management and Remediation Services (56) in Virginia,Quarterly,Index 2017=100
VAAGRQGSP,"Chain-Type Quantity Index for Real GDP: Agriculture, Forestry, Fishing and Hunting (11) in Virginia",Annual,Index 2017=100
VAAGRQQGSP,"Chain-Type Quantity Index for Real GDP: Agriculture, Forestry, Fishing and Hunting (11) in Virginia",Quarterly,Index 2017=100
VAARTENTRECQGSP,"Chain-Type Quantity Index for Real GDP: Arts, Entertainment, and Recreation (71) in Virginia",Annual,Index 2017=100
VAARTENTRECQQGSP,"Chain-Type Quantity Index for Real GDP: Arts, Entertainment, and Recreation (71) in Virginia",Quarterly,Index 2017=100
VAARTETRTACCFDQGSP,"Chain-Type Quantity Index for Real GDP: Arts, Entertainment, Recreation, Accommodation, and Food Services (71, 72) in Virginia",Annual,Index 2017=100
VACCLAIMS,Continued Claims (Insured Unemployment) in Virginia,"Weekly, Ending Saturday",Number
VACEMPLOY,Covered Employment in Virginia,"Weekly, Ending Saturday",Number
VACONSTQGSP,Chain-Type Quantity Index for Real GDP: Construction (23) in Virginia,Annual,Index 2017=100
VACONSTQQGSP,Chain-Type Quantity Index for Real GDP: Construction (23) in Virginia,Quarterly,Index 2017=100
VADURMANQGSP,"Chain-Type Quantity Index for Real GDP: Durable Goods Manufacturing (321, 327-339) in Virginia",Annual,Index 2017=100
VADURMANQQGSP,"Chain-Type Quantity Index for Real GDP: Durable Goods Manufacturing (321, 327-339) in Virginia",Quarterly,Index 2017=100
VAEDCATQGSP,Chain-Type Quantity Index for Real GDP: Educational Services (61) in Virginia,Annual,Index 2017=100
VAEDCATQQGSP,Chain-Type Quantity Index for Real GDP: Educational Services (61) in Virginia,Quarterly,Index 2017=100
VAEDHLTHSOCASSQGSP,"Chain-Type Quantity Index for Real GDP: Educational Services, Health Care, and Social Assistance (61, 62) in Virginia",Annual,Index 2017=100
VAFININSQGSP,Chain-Type Quantity Index for Real GDP: Finance and Insurance (52) in Virginia,Annual,Index 2017=100
VAFININSQQGSP,Chain-Type Quantity Index for Real GDP: Finance and Insurance (52) in Virginia,Quarterly,Index 2017=100
VAFININSREALQGSP,"Chain-Type Quantity Index for Real GDP: Finance, Insurance, Real Estate, Rental, and Leasing (52, 53) in Virginia",Annual,Index 2017=100
VAGOVFEDCIVQGSP,Chain-Type Quantity Index for Real GDP: Federal Civilian in Virginia,Annual,Index 2017=100
VAGOVFEDMILQGSP,Chain-Type Quantity Index for Real GDP: Military in Virginia,Annual,Index 2017=100
VAGOVQGSP,Chain-Type Quantity Index for Real GDP: Government and Government Enterprises (92) in Virginia,Annual,Index 2017=100
VAGOVQQGSP,Chain-Type Quantity Index for Real GDP: Government and Government Enterprises (92) in Virginia,Quarterly,Index 2017=100
VAGOVSLQGSP,Chain-Type Quantity Index for Real GDP: State and Local in Virginia,Annual,Index 2017=100
VAHLTHSOCASSQGSP,Chain-Type Quantity Index for Real GDP: Health Care and Social Assistance (62) in Virginia,Annual,Index 2017=100
VAHLTHSOCASSQQGSP,Chain-Type Quantity Index for Real GDP: Health Care and Social Assistance (62) in Virginia,Quarterly,Index 2017=100
VAINFOQGSP,Chain-Type Quantity Index for Real GDP: Information (51) in Virginia,Annual,Index 2017=100
VAINFOQQGSP,Chain-Type Quantity Index for Real GDP: Information (51) in Virginia,Quarterly,Index 2017=100
VAINSUREDUR,Insured Unemployment Rate in Virginia,"Weekly, Ending Saturday",Percent
VAMANQGSP,Chain-Type Quantity Index for Real GDP: Manufacturing (31-33) in Virginia,Annual,Index 2017=100
VAMANQQGSP,Chain-Type Quantity Index for Real GDP: Manufacturing (31-33) in Virginia,Quarterly,Index 2017=100
VAMINQGSP,"Chain-Type Quantity Index for Real GDP: Mining, Quarrying, and Oil and Gas Extraction (21) in Virginia",Annual,Index 2017=100
VAMINQQGSP,"Chain-Type Quantity Index for Real GDP: Mining, Quarrying, and Oil and Gas Extraction (21) in Virginia",Quarterly,Index 2017=100
VAMNGCOENTPRQGSP,Chain-Type Quantity Index for Real GDP: Management of Companies and Enterprises (55) in Virginia,Annual,Index 2017=100
VAMNGCOENTPRQQGSP,Chain-Type Quantity Index for Real GDP: Management of Companies and Enterprises (55) in Virginia,Quarterly,Index 2017=100
VANATRESMINQGSP,"Chain-Type Quantity Index for Real GDP: Natural Resources and Mining (11, 21) in Virginia",Annual,Index 2017=100
VANDURMANQGSP,"Chain-Type Quantity Index for Real GDP: Nondurable Goods Manufacturing (311-316, 322-326) in Virginia",Annual,Index 2017=100
VANDURMANQQGSP,"Chain-Type Quantity Index for Real GDP: Nondurable Goods Manufacturing (311-316, 322-326) in Virginia",Quarterly,Index 2017=100
VAOBEN,State Unemployment Benefits in Virginia,Quarterly,Thousands of Dollars
VAOTHSERVEQGSP,Chain-Type Quantity Index for Real GDP: Other Services (Except Government and Government Enterprises) (81) in Virginia,Annual,Index 2017=100
VAOTHSERVEQQGSP,Chain-Type Quantity Index for Real GDP: Other Services (Except Government and Government Enterprises) (81) in Virginia,Quarterly,Index 2017=100
VAPGDPAER,"Value Added by Industry: Arts, Entertainment, Recreation, Accommodation, and Food Services: Arts, Entertainment, and Recreation as a Percentage of GDP",Quarterly,Percent
VAPGDPAERAF,"Value Added by Industry: Arts, Entertainment, Recreation, Accommodation, and Food Services as a Percentage of GDP",Quarterly,Percent
VAPGDPAF,"Value Added by Industry: Arts, Entertainment, Recreation, Accommodation, and Food Services: Accommodation and Food Services as a Percentage of GDP",Quarterly,Percent
VAPGDPAFH,"Value Added by Industry: Agriculture, Forestry, Fishing, and Hunting as a Percentage of GDP",Quarterly,Percent
VAPGDPAI,Value Added by Gross Domestic Product as a Percentage of GDP,Quarterly,Percent
VAPGDPAWMS,Value Added by Industry: Professional and Business Services: Administrative and Waste Management Services as a Percentage of GDP,Quarterly,Percent
VAPGDPC,Value Added by Industry: Construction as a Percentage of GDP,Quarterly,Percent
VAPGDPES,"Value Added by Industry: Educational Services, Health Care, and Social Assistance: Educational Services as a Percentage of GDP",Quarterly,Percent
VAPGDPESHS,"Value Added by Industry: Educational Services, Health Care, and Social Assistance as a Percentage of GDP",Quarterly,Percent
VAPGDPF,Value Added by Industry: Government: Federal as a Percentage of GDP,Quarterly,Percent
VAPGDPFI,"Value Added by Industry: Finance, Insurance, Real Estate, Rental, and Leasing: Finance and Insurance as a Percentage of GDP",Quarterly,Percent
VAPGDPFIRL,"Value Added by Industry: Finance, Insurance, Real Estate, Rental, and Leasing as a Percentage of GDP",Quarterly,Percent
VAPGDPG,Value Added by Industry: Government as a Percentage of GDP,Quarterly,Percent
VAPGDPGPI,Value Added by Industry: Private Goods-Producing Industries as a Percentage of GDP,Quarterly,Percent
VAPGDPHCSA,"Value Added by Industry: Educational Services, Health Care, and Social Assistance: Health Care and Social Assistance as a Percentage of GDP",Quarterly,Percent
VAPGDPI,Value Added by Industry: Information as a Percentage of GDP,Quarterly,Percent
VAPGDPM,Value Added by Industry: Mining as a Percentage of GDP,Quarterly,Percent
VAPGDPMA,Value Added by Industry: Manufacturing as a Percentage of GDP,Quarterly,Percent
VAPGDPMCE,Value Added by Industry: Professional and Business Services: Management of Companies and Enterprises as a Percentage of GDP,Quarterly,Percent
VAPGDPMD,Value Added by Industry: Manufacturing: Durable Goods as a Percentage of GDP,Quarterly,Percent
VAPGDPMN,Value Added by Industry: Manufacturing: Nondurable Goods as a Percentage of GDP,Quarterly,Percent
VAPGDPOSEG,"Value Added by Industry: Other Services, Except Government as a Percentage of GDP",Quarterly,Percent
VAPGDPPBS,Value Added by Industry: Professional and Business Services as a Percentage of GDP,Quarterly,Percent
VAPGDPPI,Value Added by Industry: Private Industries as a Percentage of GDP,Quarterly,Percent
VAPGDPPST,"Value Added by Industry: Professional and Business Services: Professional, Scientific, and Technical Services as a Percentage of GDP",Quarterly,Percent
VAPGDPR,Value Added by Industry: Retail Trade as a Percentage of GDP,Quarterly,Percent
VAPGDPRL,"Value Added by Industry: Finance, Insurance, Real Estate, Rental, and Leasing: Real Estate and Rental and Leasing as a Percentage of GDP",Quarterly,Percent
VAPGDPSL,Value Added by Industry: Government: State and Local as a Percentage of GDP,Quarterly,Percent
VAPGDPSPI,Value Added by Industry: Private Services-Producing Industries as a Percentage of GDP,Quarterly,Percent
VAPGDPT,Value Added by Industry: Transportation and Warehousing as a Percentage of GDP,Quarterly,Percent
VAPGDPU,Value Added by Industry: Utilities as a Percentage of GDP,Quarterly,Percent
VAPGDPW,Value Added by Industry: Wholesale Trade as a Percentage of GDP,Quarterly,Percent
VAPIQGSP,Chain-Type Quantity Index for Real GDP: Private Industries in Virginia,Annual,Index 2017=100
VAPIQQGSP,Chain-Type Quantity Index for Real GDP: Private Industries in Virginia,Quarterly,Index 2017=100
VAPRIGOODPROQGSP,Chain-Type Quantity Index for Real GDP: Private Goods-Producing Industries in Virginia,Annual,Index 2017=100
VAPRISERVPROQGSP,Chain-Type Quantity Index for Real GDP: Private Services-Providing Industries in Virginia,Annual,Index 2017=100
VAPROBUSQGSP,"Chain-Type Quantity Index for Real GDP: Professional and Business Services (54, 55, 56) in Virginia",Annual,Index 2017=100
VAPROBUSQQGSP,"Chain-Type Quantity Index for Real GDP: Professional, Scientific, and Technical Services (54) in Virginia",Quarterly,Index 2017=100
VAPROSCITCHQGSP,"Chain-Type Quantity Index for Real GDP: Professional, Scientific, and Technical Services (54) in Virginia",Annual,Index 2017=100
VAQGSP,Chain-Type Quantity Index for Real GDP: All Industry Total in Virginia,Annual,Index 2017=100
VAQQGSP,Chain-Type Quantity Index for Real GDP: All Industry Total in Virginia,Quarterly,Index 2017=100
VARERENTLEAQGSP,Chain-Type Quantity Index for Real GDP: Real Estate and Rental and Leasing (53) in Virginia,Annual,Index 2017=100
VARERENTLEAQQGSP,Chain-Type Quantity Index for Real GDP: Real Estate and Rental and Leasing (53) in Virginia,Quarterly,Index 2017=100
VARETAILQGSP,Chain-Type Quantity Index for Real GDP: Retail Trade (44-45) in Virginia,Annual,Index 2017=100
VARETAILQQGSP,Chain-Type Quantity Index for Real GDP: Retail Trade (44-45) in Virginia,Quarterly,Index 2017=100
VATRADEQGSP,"Chain-Type Quantity Index for Real GDP: Trade (42, 44-45) in Virginia",Annual,Index 2017=100
VATRANSUTILQGSP,"Chain-Type Quantity Index for Real GDP: Transportation and Utilities (22, 48-49) in Virginia",Annual,Index 2017=100
VATRANSWAREQGSP,Chain-Type Quantity Index for Real GDP: Transportation and Warehousing (48-49) in Virginia,Annual,Index 2017=100
VATRANSWAREQQGSP,Chain-Type Quantity Index for Real GDP: Transportation and Warehousing (48-49) in Virginia,Quarterly,Index 2017=100
VAUR,Unemployment Rate in Virginia,Monthly,Percent
VAURN,Unemployment Rate in Virginia,Monthly,Percent
VAUTILQGSP,Chain-Type Quantity Index for Real GDP: Utilities (22) in Virginia,Annual,Index 2017=100
VAUTILQQGSP,Chain-Type Quantity Index for Real GDP: Utilities (22) in Virginia,Quarterly,Index 2017=100
VAWHOLEQGSP,Chain-Type Quantity Index for Real GDP: Wholesale Trade (42) in Virginia,Annual,Index 2017=100
VAWHOLEQQGSP,Chain-Type Quantity Index for Real GDP: Wholesale Trade (42) in Virginia,Quarterly,Index 2017=100
VIRCCLAIMS,Continued Claims (Insured Unemployment) in the U.S. Virgin Islands,"Weekly, Ending Saturday",Number
VIRCEMPLOY,Covered Employment in the U.S. Virgin Islands,"Weekly, Ending Saturday",Number
VIRINSUREDUR,Insured Unemployment Rate in the U.S. Virgin Islands,"Weekly, Ending Saturday",Percent
VNMPCPIPCPPPT,Prices: Consumer Price Index for Vietnam,Annual,Percent Change
VTACCFDQGSP,Chain-Type Quantity Index for Real GDP: Accommodation and Food Services (72) in Vermont,Annual,Index 2017=100
VTACCOMDQQGSP,Chain-Type Quantity Index for Real GDP: Accommodation and Food Services (72) in Vermont,Quarterly,Index 2017=100
VTADMINWASTQGSP,Chain-Type Quantity Index for Real GDP: Administrative and Support and Waste Management and Remediation Services (56) in Vermont,Annual,Index 2017=100
VTADMINWASTQQGSP,Chain-Type Quantity Index for Real GDP: Administrative and Support and Waste Management and Remediation Services (56) in Vermont,Quarterly,Index 2017=100
VTAGRQGSP,"Chain-Type Quantity Index for Real GDP: Agriculture, Forestry, Fishing and Hunting (11) in Vermont",Annual,Index 2017=100
VTARTENTRECQGSP,"Chain-Type Quantity Index for Real GDP: Arts, Entertainment, and Recreation (71) in Vermont",Annual,Index 2017=100
VTARTENTRECQQGSP,"Chain-Type Quantity Index for Real GDP: Arts, Entertainment, and Recreation (71) in Vermont",Quarterly,Index 2017=100
VTARTETRTACCFDQGSP,"Chain-Type Quantity Index for Real GDP: Arts, Entertainment, Recreation, Accommodation, and Food Services (71, 72) in Vermont",Annual,Index 2017=100
VTCCLAIMS,Continued Claims (Insured Unemployment) in Vermont,"Weekly, Ending Saturday",Number
VTCEMPLOY,Covered Employment in Vermont,"Weekly, Ending Saturday",Number
VTCONSTQGSP,Chain-Type Quantity Index for Real GDP: Construction (23) in Vermont,Annual,Index 2017=100
VTCONSTQQGSP,Chain-Type Quantity Index for Real GDP: Construction (23) in Vermont,Quarterly,Index 2017=100
VTDURMANQGSP,"Chain-Type Quantity Index for Real GDP: Durable Goods Manufacturing (321, 327-339) in Vermont",Annual,Index 2017=100
VTDURMANQQGSP,"Chain-Type Quantity Index for Real GDP: Durable Goods Manufacturing (321, 327-339) in Vermont",Quarterly,Index 2017=100
VTEDCATQGSP,Chain-Type Quantity Index for Real GDP: Educational Services (61) in Vermont,Annual,Index 2017=100
VTEDCATQQGSP,Chain-Type Quantity Index for Real GDP: Educational Services (61) in Vermont,Quarterly,Index 2017=100
VTEDHLTHSOCASSQGSP,"Chain-Type Quantity Index for Real GDP: Educational Services, Health Care, and Social Assistance (61, 62) in Vermont",Annual,Index 2017=100
VTFININSQGSP,Chain-Type Quantity Index for Real GDP: Finance and Insurance (52) in Vermont,Annual,Index 2017=100
VTFININSQQGSP,Chain-Type Quantity Index for Real GDP: Finance and Insurance (52) in Vermont,Quarterly,Index 2017=100
VTFININSREALQGSP,"Chain-Type Quantity Index for Real GDP: Finance, Insurance, Real Estate, Rental, and Leasing (52, 53) in Vermont",Annual,Index 2017=100
VTGOVFEDCIVQGSP,Chain-Type Quantity Index for Real GDP: Federal Civilian in Vermont,Annual,Index 2017=100
VTGOVFEDMILQGSP,Chain-Type Quantity Index for Real GDP: Military in Vermont,Annual,Index 2017=100
VTGOVQGSP,Chain-Type Quantity Index for Real GDP: Government and Government Enterprises (92) in Vermont,Annual,Index 2017=100
VTGOVQQGSP,Chain-Type Quantity Index for Real GDP: Government and Government Enterprises (92) in Vermont,Quarterly,Index 2017=100
VTGOVSLQGSP,Chain-Type Quantity Index for Real GDP: State and Local in Vermont,Annual,Index 2017=100
VTHLTHSOCASSQGSP,Chain-Type Quantity Index for Real GDP: Health Care and Social Assistance (62) in Vermont,Annual,Index 2017=100
VTHLTHSOCASSQQGSP,Chain-Type Quantity Index for Real GDP: Health Care and Social Assistance (62) in Vermont,Quarterly,Index 2017=100
VTINFOQGSP,Chain-Type Quantity Index for Real GDP: Information (51) in Vermont,Annual,Index 2017=100
VTINSUREDUR,Insured Unemployment Rate in Vermont,"Weekly, Ending Saturday",Percent
VTMANQGSP,Chain-Type Quantity Index for Real GDP: Manufacturing (31-33) in Vermont,Annual,Index 2017=100
VTMANQQGSP,Chain-Type Quantity Index for Real GDP: Manufacturing (31-33) in Vermont,Quarterly,Index 2017=100
VTMINQGSP,"Chain-Type Quantity Index for Real GDP: Mining, Quarrying, and Oil and Gas Extraction (21) in Vermont",Annual,Index 2017=100
VTMINQQGSP,"Chain-Type Quantity Index for Real GDP: Mining, Quarrying, and Oil and Gas Extraction (21) in Vermont",Quarterly,Index 2017=100
VTMNGCOENTPRQGSP,Chain-Type Quantity Index for Real GDP: Management of Companies and Enterprises (55) in Vermont,Annual,Index 2017=100
VTMNGCOENTPRQQGSP,Chain-Type Quantity Index for Real GDP: Management of Companies and Enterprises (55) in Vermont,Quarterly,Index 2017=100
VTNATRESMINQGSP,"Chain-Type Quantity Index for Real GDP: Natural Resources and Mining (11, 21) in Vermont",Annual,Index 2017=100
VTNDURMANQGSP,"Chain-Type Quantity Index for Real GDP: Nondurable Goods Manufacturing (311-316, 322-326) in Vermont",Annual,Index 2017=100
VTNDURMANQQGSP,"Chain-Type Quantity Index for Real GDP: Nondurable Goods Manufacturing (311-316, 322-326) in Vermont",Quarterly,Index 2017=100
VTOBEN,State Unemployment Benefits in Vermont,Quarterly,Thousands of Dollars
VTOTHSERVEQGSP,Chain-Type Quantity Index for Real GDP: Other Services (Except Government and Government Enterprises) (81) in Vermont,Annual,Index 2017=100
VTOTHSERVEQQGSP,Chain-Type Quantity Index for Real GDP: Other Services (Except Government and Government Enterprises) (81) in Vermont,Quarterly,Index 2017=100
VTPIQGSP,Chain-Type Quantity Index for Real GDP: Private Industries in Vermont,Annual,Index 2017=100
VTPIQQGSP,Chain-Type Quantity Index for Real GDP: Private Industries in Vermont,Quarterly,Index 2017=100
VTPRIGOODPROQGSP,Chain-Type Quantity Index for Real GDP: Private Goods-Producing Industries in Vermont,Annual,Index 2017=100
VTPRISERVPROQGSP,Chain-Type Quantity Index for Real GDP: Private Services-Providing Industries in Vermont,Annual,Index 2017=100
VTPROBUSQGSP,"Chain-Type Quantity Index for Real GDP: Professional and Business Services (54, 55, 56) in Vermont",Annual,Index 2017=100
VTPROBUSQQGSP,"Chain-Type Quantity Index for Real GDP: Professional, Scientific, and Technical Services (54) in Vermont",Quarterly,Index 2017=100
VTPROSCITCHQGSP,"Chain-Type Quantity Index for Real GDP: Professional, Scientific, and Technical Services (54) in Vermont",Annual,Index 2017=100
VTQGSP,Chain-Type Quantity Index for Real GDP: All Industry Total in Vermont,Annual,Index 2017=100
VTQQGSP,Chain-Type Quantity Index for Real GDP: All Industry Total in Vermont,Quarterly,Index 2017=100
VTRERENTLEAQGSP,Chain-Type Quantity Index for Real GDP: Real Estate and Rental and Leasing (53) in Vermont,Annual,Index 2017=100
VTRERENTLEAQQGSP,Chain-Type Quantity Index for Real GDP: Real Estate and Rental and Leasing (53) in Vermont,Quarterly,Index 2017=100
VTRETAILQGSP,Chain-Type Quantity Index for Real GDP: Retail Trade (44-45) in Vermont,Annual,Index 2017=100
VTRETAILQQGSP,Chain-Type Quantity Index for Real GDP: Retail Trade (44-45) in Vermont,Quarterly,Index 2017=100
VTTRADEQGSP,"Chain-Type Quantity Index for Real GDP: Trade (42, 44-45) in Vermont",Annual,Index 2017=100
VTTRANSUTILQGSP,"Chain-Type Quantity Index for Real GDP: Transportation and Utilities (22, 48-49) in Vermont",Annual,Index 2017=100
VTTRANSWAREQGSP,Chain-Type Quantity Index for Real GDP: Transportation and Warehousing (48-49) in Vermont,Annual,Index 2017=100
VTTRANSWAREQQGSP,Chain-Type Quantity Index for Real GDP: Transportation and Warehousing (48-49) in Vermont,Quarterly,Index 2017=100
VTUR,Unemployment Rate in Vermont,Monthly,Percent
VTURN,Unemployment Rate in Vermont,Monthly,Percent
VTUTILQGSP,Chain-Type Quantity Index for Real GDP: Utilities (22) in Vermont,Annual,Index 2017=100
VTUTILQQGSP,Chain-Type Quantity Index for Real GDP: Utilities (22) in Vermont,Quarterly,Index 2017=100
VTWHOLEQGSP,Chain-Type Quantity Index for Real GDP: Wholesale Trade (42) in Vermont,Annual,Index 2017=100
VTWHOLEQQGSP,Chain-Type Quantity Index for Real GDP: Wholesale Trade (42) in Vermont,Quarterly,Index 2017=100
VUTPCPIPCPPPT,Prices: Consumer Price Index for Vanuatu,Annual,Percent Change
W825RC1,Personal current transfer receipts: Government social benefits to persons: Unemployment insurance,Monthly,Billions of Dollars
W825RC1A027NBEA,Personal current transfer receipts: Government social benefits to persons: Unemployment insurance,Annual,Billions of Dollars
W825RC1Q027SBEA,Personal current transfer receipts: Government social benefits to persons: Unemployment insurance,Quarterly,Billions of Dollars
WAACCFDQGSP,Chain-Type Quantity Index for Real GDP: Accommodation and Food Services (72) in Washington,Annual,Index 2017=100
WAACCOMDQQGSP,Chain-Type Quantity Index for Real GDP: Accommodation and Food Services (72) in Washington,Quarterly,Index 2017=100
WAADMINWASTQGSP,Chain-Type Quantity Index for Real GDP: Administrative and Support and Waste Management and Remediation Services (56) in Washington,Annual,Index 2017=100
WAADMINWASTQQGSP,Chain-Type Quantity Index for Real GDP: Administrative and Support and Waste Management and Remediation Services (56) in Washington,Quarterly,Index 2017=100
WAAGRQGSP,"Chain-Type Quantity Index for Real GDP: Agriculture, Forestry, Fishing and Hunting (11) in Washington",Annual,Index 2017=100
WAAGRQQGSP,"Chain-Type Quantity Index for Real GDP: Agriculture, Forestry, Fishing and Hunting (11) in Washington",Quarterly,Index 2017=100
WAARTENTRECQGSP,"Chain-Type Quantity Index for Real GDP: Arts, Entertainment, and Recreation (71) in Washington",Annual,Index 2017=100
WAARTENTRECQQGSP,"Chain-Type Quantity Index for Real GDP: Arts, Entertainment, and Recreation (71) in Washington",Quarterly,Index 2017=100
WAARTETRTACCFDQGSP,"Chain-Type Quantity Index for Real GDP: Arts, Entertainment, Recreation, Accommodation, and Food Services (71, 72) in Washington",Annual,Index 2017=100
WACCLAIMS,Continued Claims (Insured Unemployment) in Washington,"Weekly, Ending Saturday",Number
WACEMPLOY,Covered Employment in Washington,"Weekly, Ending Saturday",Number
WACONSTQGSP,Chain-Type Quantity Index for Real GDP: Construction (23) in Washington,Annual,Index 2017=100
WACONSTQQGSP,Chain-Type Quantity Index for Real GDP: Construction (23) in Washington,Quarterly,Index 2017=100
WADURMANQGSP,"Chain-Type Quantity Index for Real GDP: Durable Goods Manufacturing (321, 327-339) in Washington",Annual,Index 2017=100
WADURMANQQGSP,"Chain-Type Quantity Index for Real GDP: Durable Goods Manufacturing (321, 327-339) in Washington",Quarterly,Index 2017=100
WAEDCATQGSP,Chain-Type Quantity Index for Real GDP: Educational Services (61) in Washington,Annual,Index 2017=100
WAEDCATQQGSP,Chain-Type Quantity Index for Real GDP: Educational Services (61) in Washington,Quarterly,Index 2017=100
WAEDHLTHSOCASSQGSP,"Chain-Type Quantity Index for Real GDP: Educational Services, Health Care, and Social Assistance (61, 62) in Washington",Annual,Index 2017=100
WAFININSQGSP,Chain-Type Quantity Index for Real GDP: Finance and Insurance (52) in Washington,Annual,Index 2017=100
WAFININSQQGSP,Chain-Type Quantity Index for Real GDP: Finance and Insurance (52) in Washington,Quarterly,Index 2017=100
WAFININSREALQGSP,"Chain-Type Quantity Index for Real GDP: Finance, Insurance, Real Estate, Rental, and Leasing (52, 53) in Washington",Annual,Index 2017=100
WAGOVFEDCIVQGSP,Chain-Type Quantity Index for Real GDP: Federal Civilian in Washington,Annual,Index 2017=100
WAGOVFEDMILQGSP,Chain-Type Quantity Index for Real GDP: Military in Washington,Annual,Index 2017=100
WAGOVQGSP,Chain-Type Quantity Index for Real GDP: Government and Government Enterprises (92) in Washington,Annual,Index 2017=100
WAGOVQQGSP,Chain-Type Quantity Index for Real GDP: Government and Government Enterprises (92) in Washington,Quarterly,Index 2017=100
WAGOVSLQGSP,Chain-Type Quantity Index for Real GDP: State and Local in Washington,Annual,Index 2017=100
WAHLTHSOCASSQGSP,Chain-Type Quantity Index for Real GDP: Health Care and Social Assistance (62) in Washington,Annual,Index 2017=100
WAHLTHSOCASSQQGSP,Chain-Type Quantity Index for Real GDP: Health Care and Social Assistance (62) in Washington,Quarterly,Index 2017=100
WAINFOQGSP,Chain-Type Quantity Index for Real GDP: Information (51) in Washington,Annual,Index 2017=100
WAINFOQQGSP,Chain-Type Quantity Index for Real GDP: Information (51) in Washington,Quarterly,Index 2017=100
WAINSUREDUR,Insured Unemployment Rate in Washington,"Weekly, Ending Saturday",Percent
WAMANQGSP,Chain-Type Quantity Index for Real GDP: Manufacturing (31-33) in Washington,Annual,Index 2017=100
WAMANQQGSP,Chain-Type Quantity Index for Real GDP: Manufacturing (31-33) in Washington,Quarterly,Index 2017=100
WAMINQGSP,"Chain-Type Quantity Index for Real GDP: Mining, Quarrying, and Oil and Gas Extraction (21) in Washington",Annual,Index 2017=100
WAMINQQGSP,"Chain-Type Quantity Index for Real GDP: Mining, Quarrying, and Oil and Gas Extraction (21) in Washington",Quarterly,Index 2017=100
WAMNGCOENTPRQGSP,Chain-Type Quantity Index for Real GDP: Management of Companies and Enterprises (55) in Washington,Annual,Index 2017=100
WAMNGCOENTPRQQGSP,Chain-Type Quantity Index for Real GDP: Management of Companies and Enterprises (55) in Washington,Quarterly,Index 2017=100
WANATRESMINQGSP,"Chain-Type Quantity Index for Real GDP: Natural Resources and Mining (11, 21) in Washington",Annual,Index 2017=100
WANDURMANQGSP,"Chain-Type Quantity Index for Real GDP: Nondurable Goods Manufacturing (311-316, 322-326) in Washington",Annual,Index 2017=100
WANDURMANQQGSP,"Chain-Type Quantity Index for Real GDP: Nondurable Goods Manufacturing (311-316, 322-326) in Washington",Quarterly,Index 2017=100
WAOBEN,State Unemployment Benefits in Washington,Quarterly,Thousands of Dollars
WAOTHSERVEQGSP,Chain-Type Quantity Index for Real GDP: Other Services (Except Government and Government Enterprises) (81) in Washington,Annual,Index 2017=100
WAOTHSERVEQQGSP,Chain-Type Quantity Index for Real GDP: Other Services (Except Government and Government Enterprises) (81) in Washington,Quarterly,Index 2017=100
WAPIQGSP,Chain-Type Quantity Index for Real GDP: Private Industries in Washington,Annual,Index 2017=100
WAPIQQGSP,Chain-Type Quantity Index for Real GDP: Private Industries in Washington,Quarterly,Index 2017=100
WAPRIGOODPROQGSP,Chain-Type Quantity Index for Real GDP: Private Goods-Producing Industries in Washington,Annual,Index 2017=100
WAPRISERVPROQGSP,Chain-Type Quantity Index for Real GDP: Private Services-Providing Industries in Washington,Annual,Index 2017=100
WAPROBUSQGSP,"Chain-Type Quantity Index for Real GDP: Professional and Business Services (54, 55, 56) in Washington",Annual,Index 2017=100
WAPROBUSQQGSP,"Chain-Type Quantity Index for Real GDP: Professional, Scientific, and Technical Services (54) in Washington",Quarterly,Index 2017=100
WAPROSCITCHQGSP,"Chain-Type Quantity Index for Real GDP: Professional, Scientific, and Technical Services (54) in Washington",Annual,Index 2017=100
WAQGSP,Chain-Type Quantity Index for Real GDP: All Industry Total in Washington,Annual,Index 2017=100
WAQQGSP,Chain-Type Quantity Index for Real GDP: All Industry Total in Washington,Quarterly,Index 2017=100
WARERENTLEAQGSP,Chain-Type Quantity Index for Real GDP: Real Estate and Rental and Leasing (53) in Washington,Annual,Index 2017=100
WARERENTLEAQQGSP,Chain-Type Quantity Index for Real GDP: Real Estate and Rental and Leasing (53) in Washington,Quarterly,Index 2017=100
WARETAILQGSP,Chain-Type Quantity Index for Real GDP: Retail Trade (44-45) in Washington,Annual,Index 2017=100
WARETAILQQGSP,Chain-Type Quantity Index for Real GDP: Retail Trade (44-45) in Washington,Quarterly,Index 2017=100
WATRADEQGSP,"Chain-Type Quantity Index for Real GDP: Trade (42, 44-45) in Washington",Annual,Index 2017=100
WATRANSUTILQGSP,"Chain-Type Quantity Index for Real GDP: Transportation and Utilities (22, 48-49) in Washington",Annual,Index 2017=100
WATRANSWAREQGSP,Chain-Type Quantity Index for Real GDP: Transportation and Warehousing (48-49) in Washington,Annual,Index 2017=100
WATRANSWAREQQGSP,Chain-Type Quantity Index for Real GDP: Transportation and Warehousing (48-49) in Washington,Quarterly,Index 2017=100
WAUR,Unemployment Rate in Washington,Monthly,Percent
WAURN,Unemployment Rate in Washington,Monthly,Percent
WAUTILQGSP,Chain-Type Quantity Index for Real GDP: Utilities (22) in Washington,Annual,Index 2017=100
WAUTILQQGSP,Chain-Type Quantity Index for Real GDP: Utilities (22) in Washington,Quarterly,Index 2017=100
WAWHOLEQGSP,Chain-Type Quantity Index for Real GDP: Wholesale Trade (42) in Washington,Annual,Index 2017=100
WAWHOLEQQGSP,Chain-Type Quantity Index for Real GDP: Wholesale Trade (42) in Washington,Quarterly,Index 2017=100
WCPF1M,30-Day AA Financial Commercial Paper Interest Rate,"Weekly, Ending Friday",Percent
WCPF2M,60-Day AA Financial Commercial Paper Interest Rate,"Weekly, Ending Friday",Percent
WCPF3M,90-Day AA Financial Commercial Paper Interest Rate,"Weekly, Ending Friday",Percent
WCPN1M,30-Day AA Nonfinancial Commercial Paper Interest Rate,"Weekly, Ending Friday",Percent
WCPN2M,60-Day AA Nonfinancial Commercial Paper Interest Rate,"Weekly, Ending Friday",Percent
WCPN3M,90-Day AA Nonfinancial Commercial Paper Interest Rate,"Weekly, Ending Friday",Percent
WDTGAL,"Liabilities and Capital: Liabilities: Deposits with F.R. Banks, Other Than Reserve Balances: U.S. Treasury, General Account: Wednesday Level","Weekly, As of Wednesday",Millions of U.S. Dollars
WEI,Weekly Economic Index (Lewis-Mertens-Stock),"Weekly, Ending Saturday",Index
WFII10,"Market Yield on U.S. Treasury Securities at 10-Year Constant Maturity, Quoted on an Investment Basis, Inflation-Indexed","Weekly, Ending Friday",Percent
WFII20,"Market Yield on U.S. Treasury Securities at 20-Year Constant Maturity, Quoted on an Investment Basis, Inflation-Indexed","Weekly, Ending Friday",Percent
WFII30,"Market Yield on U.S. Treasury Securities at 30-Year Constant Maturity, Quoted on an Investment Basis, Inflation-Indexed","Weekly, Ending Friday",Percent
WFII5,"Market Yield on U.S. Treasury Securities at 5-Year Constant Maturity, Quoted on an Investment Basis, Inflation-Indexed","Weekly, Ending Friday",Percent
WFII7,"Market Yield on U.S. Treasury Securities at 7-Year Constant Maturity, Quoted on an Investment Basis, Inflation-Indexed","Weekly, Ending Friday",Percent
WGS10YR,"Market Yield on U.S. Treasury Securities at 10-Year Constant Maturity, Quoted on an Investment Basis","Weekly, Ending Friday",Percent
WGS1MO,"Market Yield on U.S. Treasury Securities at 1-Month Constant Maturity, Quoted on an Investment Basis","Weekly, Ending Friday",Percent
WGS1YR,"Market Yield on U.S. Treasury Securities at 1-Year Constant Maturity, Quoted on an Investment Basis","Weekly, Ending Friday",Percent
WGS20YR,"Market Yield on U.S. Treasury Securities at 20-Year Constant Maturity, Quoted on an Investment Basis","Weekly, Ending Friday",Percent
WGS2YR,"Market Yield on U.S. Treasury Securities at 2-Year Constant Maturity, Quoted on an Investment Basis","Weekly, Ending Friday",Percent
WGS30YR,"Market Yield on U.S. Treasury Securities at 30-Year Constant Maturity, Quoted on an Investment Basis","Weekly, Ending Friday",Percent
WGS3MO,"Market Yield on U.S. Treasury Securities at 3-Month Constant Maturity, Quoted on an Investment Basis","Weekly, Ending Friday",Percent
WGS3YR,"Market Yield on U.S. Treasury Securities at 3-Year Constant Maturity, Quoted on an Investment Basis","Weekly, Ending Friday",Percent
WGS5YR,"Market Yield on U.S. Treasury Securities at 5-Year Constant Maturity, Quoted on an Investment Basis","Weekly, Ending Friday",Percent
WGS6MO,"Market Yield on U.S. Treasury Securities at 6-Month Constant Maturity, Quoted on an Investment Basis","Weekly, Ending Friday",Percent
WGS7YR,"Market Yield on U.S. Treasury Securities at 7-Year Constant Maturity, Quoted on an Investment Basis","Weekly, Ending Friday",Percent
WIACCFDQGSP,Chain-Type Quantity Index for Real GDP: Accommodation and Food Services (72) in Wisconsin,Annual,Index 2017=100
WIACCOMDQQGSP,Chain-Type Quantity Index for Real GDP: Accommodation and Food Services (72) in Wisconsin,Quarterly,Index 2017=100
WIADMINWASTQGSP,Chain-Type Quantity Index for Real GDP: Administrative and Support and Waste Management and Remediation Services (56) in Wisconsin,Annual,Index 2017=100
WIADMINWASTQQGSP,Chain-Type Quantity Index for Real GDP: Administrative and Support and Waste Management and Remediation Services (56) in Wisconsin,Quarterly,Index 2017=100
WIAGRQGSP,"Chain-Type Quantity Index for Real GDP: Agriculture, Forestry, Fishing and Hunting (11) in Wisconsin",Annual,Index 2017=100
WIAGRQQGSP,"Chain-Type Quantity Index for Real GDP: Agriculture, Forestry, Fishing and Hunting (11) in Wisconsin",Quarterly,Index 2017=100
WIARTENTRECQGSP,"Chain-Type Quantity Index for Real GDP: Arts, Entertainment, and Recreation (71) in Wisconsin",Annual,Index 2017=100
WIARTENTRECQQGSP,"Chain-Type Quantity Index for Real GDP: Arts, Entertainment, and Recreation (71) in Wisconsin",Quarterly,Index 2017=100
WIARTETRTACCFDQGSP,"Chain-Type Quantity Index for Real GDP: Arts, Entertainment, Recreation, Accommodation, and Food Services (71, 72) in Wisconsin",Annual,Index 2017=100
WICCLAIMS,Continued Claims (Insured Unemployment) in Wisconsin,"Weekly, Ending Saturday",Number
WICEMPLOY,Covered Employment in Wisconsin,"Weekly, Ending Saturday",Number
WICONSTQGSP,Chain-Type Quantity Index for Real GDP: Construction (23) in Wisconsin,Annual,Index 2017=100
WICONSTQQGSP,Chain-Type Quantity Index for Real GDP: Construction (23) in Wisconsin,Quarterly,Index 2017=100
WIDURMANQGSP,"Chain-Type Quantity Index for Real GDP: Durable Goods Manufacturing (321, 327-339) in Wisconsin",Annual,Index 2017=100
WIDURMANQQGSP,"Chain-Type Quantity Index for Real GDP: Durable Goods Manufacturing (321, 327-339) in Wisconsin",Quarterly,Index 2017=100
WIEDCATQGSP,Chain-Type Quantity Index for Real GDP: Educational Services (61) in Wisconsin,Annual,Index 2017=100
WIEDCATQQGSP,Chain-Type Quantity Index for Real GDP: Educational Services (61) in Wisconsin,Quarterly,Index 2017=100
WIEDHLTHSOCASSQGSP,"Chain-Type Quantity Index for Real GDP: Educational Services, Health Care, and Social Assistance (61, 62) in Wisconsin",Annual,Index 2017=100
WIFININSQGSP,Chain-Type Quantity Index for Real GDP: Finance and Insurance (52) in Wisconsin,Annual,Index 2017=100
WIFININSQQGSP,Chain-Type Quantity Index for Real GDP: Finance and Insurance (52) in Wisconsin,Quarterly,Index 2017=100
WIFININSREALQGSP,"Chain-Type Quantity Index for Real GDP: Finance, Insurance, Real Estate, Rental, and Leasing (52, 53) in Wisconsin",Annual,Index 2017=100
WIGOVFEDCIVQGSP,Chain-Type Quantity Index for Real GDP: Federal Civilian in Wisconsin,Annual,Index 2017=100
WIGOVFEDMILQGSP,Chain-Type Quantity Index for Real GDP: Military in Wisconsin,Annual,Index 2017=100
WIGOVQGSP,Chain-Type Quantity Index for Real GDP: Government and Government Enterprises (92) in Wisconsin,Annual,Index 2017=100
WIGOVQQGSP,Chain-Type Quantity Index for Real GDP: Government and Government Enterprises (92) in Wisconsin,Quarterly,Index 2017=100
WIGOVSLQGSP,Chain-Type Quantity Index for Real GDP: State and Local in Wisconsin,Annual,Index 2017=100
WIHLTHSOCASSQGSP,Chain-Type Quantity Index for Real GDP: Health Care and Social Assistance (62) in Wisconsin,Annual,Index 2017=100
WIHLTHSOCASSQQGSP,Chain-Type Quantity Index for Real GDP: Health Care and Social Assistance (62) in Wisconsin,Quarterly,Index 2017=100
WIINFOQGSP,Chain-Type Quantity Index for Real GDP: Information (51) in Wisconsin,Annual,Index 2017=100
WIINFOQQGSP,Chain-Type Quantity Index for Real GDP: Information (51) in Wisconsin,Quarterly,Index 2017=100
WIINSUREDUR,Insured Unemployment Rate in Wisconsin,"Weekly, Ending Saturday",Percent
WIMANQGSP,Chain-Type Quantity Index for Real GDP: Manufacturing (31-33) in Wisconsin,Annual,Index 2017=100
WIMANQQGSP,Chain-Type Quantity Index for Real GDP: Manufacturing (31-33) in Wisconsin,Quarterly,Index 2017=100
WIMINQGSP,"Chain-Type Quantity Index for Real GDP: Mining, Quarrying, and Oil and Gas Extraction (21) in Wisconsin",Annual,Index 2017=100
WIMINQQGSP,"Chain-Type Quantity Index for Real GDP: Mining, Quarrying, and Oil and Gas Extraction (21) in Wisconsin",Quarterly,Index 2017=100
WIMNGCOENTPRQGSP,Chain-Type Quantity Index for Real GDP: Management of Companies and Enterprises (55) in Wisconsin,Annual,Index 2017=100
WIMNGCOENTPRQQGSP,Chain-Type Quantity Index for Real GDP: Management of Companies and Enterprises (55) in Wisconsin,Quarterly,Index 2017=100
WINATRESMINQGSP,"Chain-Type Quantity Index for Real GDP: Natural Resources and Mining (11, 21) in Wisconsin",Annual,Index 2017=100
WINDURMANQGSP,"Chain-Type Quantity Index for Real GDP: Nondurable Goods Manufacturing (311-316, 322-326) in Wisconsin",Annual,Index 2017=100
WINDURMANQQGSP,"Chain-Type Quantity Index for Real GDP: Nondurable Goods Manufacturing (311-316, 322-326) in Wisconsin",Quarterly,Index 2017=100
WIOBEN,State Unemployment Benefits in Wisconsin,Quarterly,Thousands of Dollars
WIOTHSERVEQGSP,Chain-Type Quantity Index for Real GDP: Other Services (Except Government and Government Enterprises) (81) in Wisconsin,Annual,Index 2017=100
WIOTHSERVEQQGSP,Chain-Type Quantity Index for Real GDP: Other Services (Except Government and Government Enterprises) (81) in Wisconsin,Quarterly,Index 2017=100
WIPIQGSP,Chain-Type Quantity Index for Real GDP: Private Industries in Wisconsin,Annual,Index 2017=100
WIPIQQGSP,Chain-Type Quantity Index for Real GDP: Private Industries in Wisconsin,Quarterly,Index 2017=100
WIPRIGOODPROQGSP,Chain-Type Quantity Index for Real GDP: Private Goods-Producing Industries in Wisconsin,Annual,Index 2017=100
WIPRISERVPROQGSP,Chain-Type Quantity Index for Real GDP: Private Services-Providing Industries in Wisconsin,Annual,Index 2017=100
WIPROBUSQGSP,"Chain-Type Quantity Index for Real GDP: Professional and Business Services (54, 55, 56) in Wisconsin",Annual,Index 2017=100
WIPROBUSQQGSP,"Chain-Type Quantity Index for Real GDP: Professional, Scientific, and Technical Services (54) in Wisconsin",Quarterly,Index 2017=100
WIPROSCITCHQGSP,"Chain-Type Quantity Index for Real GDP: Professional, Scientific, and Technical Services (54) in Wisconsin",Annual,Index 2017=100
WIQGSP,Chain-Type Quantity Index for Real GDP: All Industry Total in Wisconsin,Annual,Index 2017=100
WIQQGSP,Chain-Type Quantity Index for Real GDP: All Industry Total in Wisconsin,Quarterly,Index 2017=100
WIRERENTLEAQGSP,Chain-Type Quantity Index for Real GDP: Real Estate and Rental and Leasing (53) in Wisconsin,Annual,Index 2017=100
WIRERENTLEAQQGSP,Chain-Type Quantity Index for Real GDP: Real Estate and Rental and Leasing (53) in Wisconsin,Quarterly,Index 2017=100
WIRETAILQGSP,Chain-Type Quantity Index for Real GDP: Retail Trade (44-45) in Wisconsin,Annual,Index 2017=100
WIRETAILQQGSP,Chain-Type Quantity Index for Real GDP: Retail Trade (44-45) in Wisconsin,Quarterly,Index 2017=100
WITRADEQGSP,"Chain-Type Quantity Index for Real GDP: Trade (42, 44-45) in Wisconsin",Annual,Index 2017=100
WITRANSUTILQGSP,"Chain-Type Quantity Index for Real GDP: Transportation and Utilities (22, 48-49) in Wisconsin",Annual,Index 2017=100
WITRANSWAREQGSP,Chain-Type Quantity Index for Real GDP: Transportation and Warehousing (48-49) in Wisconsin,Annual,Index 2017=100
WITRANSWAREQQGSP,Chain-Type Quantity Index for Real GDP: Transportation and Warehousing (48-49) in Wisconsin,Quarterly,Index 2017=100
WIUR,Unemployment Rate in Wisconsin,Monthly,Percent
WIURN,Unemployment Rate in Wisconsin,Monthly,Percent
WIUTILQGSP,Chain-Type Quantity Index for Real GDP: Utilities (22) in Wisconsin,Annual,Index 2017=100
WIUTILQQGSP,Chain-Type Quantity Index for Real GDP: Utilities (22) in Wisconsin,Quarterly,Index 2017=100
WIWHOLEQGSP,Chain-Type Quantity Index for Real GDP: Wholesale Trade (42) in Wisconsin,Annual,Index 2017=100
WIWHOLEQQGSP,Chain-Type Quantity Index for Real GDP: Wholesale Trade (42) in Wisconsin,Quarterly,Index 2017=100
WLAD,Liabilities and Capital: Liabilities: Other Liabilities and Accrued Dividends (Includes the Liability for Earnings Remittances Due to the U.S. Treasury): Wednesday Level,"Weekly, As of Wednesday",Millions of U.S. Dollars
WLTIIT,"Treasury Long-Term Average (Over 10 Years), Inflation-Indexed","Weekly, Ending Friday",Percent
WMTSEC1,Memorandum Items: Custody Holdings: Marketable U.S. Treasury Securities: Week Average,"Weekly, Ending Wednesday",Millions of U.S. Dollars
WMTSECL1,Memorandum Items: Custody Holdings: Marketable U.S. Treasury Securities: Wednesday Level,"Weekly, As of Wednesday",Millions of U.S. Dollars
WOFDRBTHA,Liabilities and Capital: Other Factors Draining Reserve Balances: Treasury Cash Holdings: Week Average,"Weekly, Ending Wednesday",Millions of U.S. Dollars
WOFDRBTHL,Liabilities and Capital: Other Factors Draining Reserve Balances: Treasury Cash Holdings: Wednesday Level,"Weekly, As of Wednesday",Millions of U.S. Dollars
WPS463,Producer Price Index by Commodity: Employment Services: Staffing Services,Monthly,Index Jun 2009=100
WPS4632,Producer Price Index by Commodity: Employment Services: Co-Employment Staffing Services,Monthly,Index Dec 2008=100
WPS463201,Producer Price Index by Commodity: Employment Services: Co-Employment Staffing Services,Monthly,Index Dec 2008=100
WPU46,Producer Price Index by Commodity: Employment Services,Monthly,Index Jun 2009=100
WPU461,Producer Price Index by Commodity: Employment Services: Permanent Placement Services,Monthly,Index Mar 2009=100
WPU4611,Producer Price Index by Commodity: Employment Services: Permanent Placement Services,Monthly,Index Mar 2009=100
WPU461101,Producer Price Index by Commodity: Employment Services: Employment Placement Services,Monthly,Index Mar 2009=100
WPU46110101,Producer Price Index by Commodity: Employment Services: Employment Placement Services,Monthly,Index Mar 2009=100
WPU462,Producer Price Index by Commodity: Employment Services: Executive Search Services,Monthly,Index Dec 2008=100
WPU4621,Producer Price Index by Commodity: Employment Services: Executive Search Services,Monthly,Index Dec 2008=100
WPU462101,Producer Price Index by Commodity: Employment Services: Executive Search Services,Monthly,Index Dec 2008=100
WPU46210101,Producer Price Index by Commodity: Employment Services: Executive Search Services,Monthly,Index Dec 2008=100
WPU463,Producer Price Index by Commodity: Employment Services: Staffing Services,Monthly,Index Jun 2009=100
WPU4631,Producer Price Index by Commodity: Employment Services: Temporary Help Services,Monthly,Index Mar 2009=100
WPU463101,Producer Price Index by Commodity: Employment Services: Temporary Help Services,Monthly,Index Mar 2009=100
WPU46310101,Producer Price Index by Commodity: Employment Services: Temporary Help Services,Monthly,Index Mar 2009=100
WPU4632,Producer Price Index by Commodity: Employment Services: Co-Employment Staffing Services,Monthly,Index Dec 2008=100
WPU463201,Producer Price Index by Commodity: Employment Services: Co-Employment Staffing Services,Monthly,Index Dec 2008=100
WPU46320101,Producer Price Index by Commodity: Employment Services: Co-Employment Staffing Services,Monthly,Index Dec 2008=100
WSDTREAA,"Memorandum Items: Securities Lent to Dealers: Overnight Facility, U.S. Treasury Securities: Week Average","Weekly, Ending Wednesday",Millions of U.S. Dollars
WSDTREAL,"Memorandum Items: Securities Lent to Dealers: Overnight Facility, U.S. Treasury Securities: Wednesday Level","Weekly, As of Wednesday",Millions of U.S. Dollars
WSHOBA,Assets: Securities Held Outright: U.S. Treasury Securities: Bills: Week Average,"Weekly, Ending Wednesday",Millions of U.S. Dollars
WSHOBL,Assets: Securities Held Outright: U.S. Treasury Securities: Bills: Wednesday Level,"Weekly, As of Wednesday",Millions of U.S. Dollars
WSHOICA,Assets: Securities Held Outright: U.S. Treasury Securities: Inflation Compensation: Week Average,"Weekly, Ending Wednesday",Millions of U.S. Dollars
WSHOICL,Assets: Securities Held Outright: U.S. Treasury Securities: Inflation Compensation: Wednesday Level,"Weekly, As of Wednesday",Millions of U.S. Dollars
WSHONBIIA,"Assets: Securities Held Outright: U.S. Treasury Securities: Notes and Bonds, Inflation-Indexed: Week Average","Weekly, Ending Wednesday",Millions of U.S. Dollars
WSHONBIIL,"Assets: Securities Held Outright: U.S. Treasury Securities: Notes and Bonds, Inflation-Indexed: Wednesday Level","Weekly, As of Wednesday",Millions of U.S. Dollars
WSHONBNA,"Assets: Securities Held Outright: U.S. Treasury Securities: Notes and Bonds, Nominal: Week Average","Weekly, Ending Wednesday",Millions of U.S. Dollars
WSHONBNL,"Assets: Securities Held Outright: U.S. Treasury Securities: Notes and Bonds, Nominal: Wednesday Level","Weekly, As of Wednesday",Millions of U.S. Dollars
WSHOTSA,Assets: Securities Held Outright: U.S. Treasury Securities: Week Average,"Weekly, Ending Wednesday",Millions of U.S. Dollars
WSHOTSL,Assets: Securities Held Outright: U.S. Treasury Securities: Wednesday Level,"Weekly, As of Wednesday",Millions of U.S. Dollars
WSMPCPIPCPPPT,Prices: Consumer Price Index for Samoa,Annual,Percent Change
WTB1YR,"1-Year Treasury Bill Secondary Market Rate, Discount Basis","Weekly, Ending Friday",Percent
WTB3MS,"3-Month Treasury Bill Secondary Market Rate, Discount Basis","Weekly, Ending Friday",Percent
WTB4WK,"4-Week Treasury Bill Secondary Market Rate, Discount Basis","Weekly, Ending Friday",Percent
WTB6MS,"6-Month Treasury Bill Secondary Market Rate, Discount Basis","Weekly, Ending Friday",Percent
WTREGEN,"Liabilities and Capital: Liabilities: Deposits with F.R. Banks, Other Than Reserve Balances: U.S. Treasury, General Account: Week Average","Weekly, Ending Wednesday",Billions of U.S. Dollars
WUIGLOBALWEIGHTAVG,World Uncertainty Index: Global: GDP Weighted Average,Quarterly,Index
WVACCFDQGSP,Chain-Type Quantity Index for Real GDP: Accommodation and Food Services (72) in West Virginia,Annual,Index 2017=100
WVACCOMDQQGSP,Chain-Type Quantity Index for Real GDP: Accommodation and Food Services (72) in West Virginia,Quarterly,Index 2017=100
WVADMINWASTQGSP,Chain-Type Quantity Index for Real GDP: Administrative and Support and Waste Management and Remediation Services (56) in West Virginia,Annual,Index 2017=100
WVADMINWASTQQGSP,Chain-Type Quantity Index for Real GDP: Administrative and Support and Waste Management and Remediation Services (56) in West Virginia,Quarterly,Index 2017=100
WVAGRQGSP,"Chain-Type Quantity Index for Real GDP: Agriculture, Forestry, Fishing and Hunting (11) in West Virginia",Annual,Index 2017=100
WVAGRQQGSP,"Chain-Type Quantity Index for Real GDP: Agriculture, Forestry, Fishing and Hunting (11) in West Virginia",Quarterly,Index 2017=100
WVARTENTRECQGSP,"Chain-Type Quantity Index for Real GDP: Arts, Entertainment, and Recreation (71) in West Virginia",Annual,Index 2017=100
WVARTENTRECQQGSP,"Chain-Type Quantity Index for Real GDP: Arts, Entertainment, and Recreation (71) in West Virginia",Quarterly,Index 2017=100
WVARTETRTACCFDQGSP,"Chain-Type Quantity Index for Real GDP: Arts, Entertainment, Recreation, Accommodation, and Food Services (71, 72) in West Virginia",Annual,Index 2017=100
WVCCLAIMS,Continued Claims (Insured Unemployment) in West Virginia,"Weekly, Ending Saturday",Number
WVCEMPLOY,Covered Employment in West Virginia,"Weekly, Ending Saturday",Number
WVCONSTQGSP,Chain-Type Quantity Index for Real GDP: Construction (23) in West Virginia,Annual,Index 2017=100
WVCONSTQQGSP,Chain-Type Quantity Index for Real GDP: Construction (23) in West Virginia,Quarterly,Index 2017=100
WVDURMANQGSP,"Chain-Type Quantity Index for Real GDP: Durable Goods Manufacturing (321, 327-339) in West Virginia",Annual,Index 2017=100
WVDURMANQQGSP,"Chain-Type Quantity Index for Real GDP: Durable Goods Manufacturing (321, 327-339) in West Virginia",Quarterly,Index 2017=100
WVEDCATQGSP,Chain-Type Quantity Index for Real GDP: Educational Services (61) in West Virginia,Annual,Index 2017=100
WVEDCATQQGSP,Chain-Type Quantity Index for Real GDP: Educational Services (61) in West Virginia,Quarterly,Index 2017=100
WVEDHLTHSOCASSQGSP,"Chain-Type Quantity Index for Real GDP: Educational Services, Health Care, and Social Assistance (61, 62) in West Virginia",Annual,Index 2017=100
WVFININSQGSP,Chain-Type Quantity Index for Real GDP: Finance and Insurance (52) in West Virginia,Annual,Index 2017=100
WVFININSQQGSP,Chain-Type Quantity Index for Real GDP: Finance and Insurance (52) in West Virginia,Quarterly,Index 2017=100
WVFININSREALQGSP,"Chain-Type Quantity Index for Real GDP: Finance, Insurance, Real Estate, Rental, and Leasing (52, 53) in West Virginia",Annual,Index 2017=100
WVGOVFEDCIVQGSP,Chain-Type Quantity Index for Real GDP: Federal Civilian in West Virginia,Annual,Index 2017=100
WVGOVFEDMILQGSP,Chain-Type Quantity Index for Real GDP: Military in West Virginia,Annual,Index 2017=100
WVGOVQGSP,Chain-Type Quantity Index for Real GDP: Government and Government Enterprises (92) in West Virginia,Annual,Index 2017=100
WVGOVQQGSP,Chain-Type Quantity Index for Real GDP: Government and Government Enterprises (92) in West Virginia,Quarterly,Index 2017=100
WVGOVSLQGSP,Chain-Type Quantity Index for Real GDP: State and Local in West Virginia,Annual,Index 2017=100
WVHLTHSOCASSQGSP,Chain-Type Quantity Index for Real GDP: Health Care and Social Assistance (62) in West Virginia,Annual,Index 2017=100
WVHLTHSOCASSQQGSP,Chain-Type Quantity Index for Real GDP: Health Care and Social Assistance (62) in West Virginia,Quarterly,Index 2017=100
WVINFOQGSP,Chain-Type Quantity Index for Real GDP: Information (51) in West Virginia,Annual,Index 2017=100
WVINFOQQGSP,Chain-Type Quantity Index for Real GDP: Information (51) in West Virginia,Quarterly,Index 2017=100
WVINSUREDUR,Insured Unemployment Rate in West Virginia,"Weekly, Ending Saturday",Percent
WVMANQGSP,Chain-Type Quantity Index for Real GDP: Manufacturing (31-33) in West Virginia,Annual,Index 2017=100
WVMANQQGSP,Chain-Type Quantity Index for Real GDP: Manufacturing (31-33) in West Virginia,Quarterly,Index 2017=100
WVMINQGSP,"Chain-Type Quantity Index for Real GDP: Mining, Quarrying, and Oil and Gas Extraction (21) in West Virginia",Annual,Index 2017=100
WVMINQQGSP,"Chain-Type Quantity Index for Real GDP: Mining, Quarrying, and Oil and Gas Extraction (21) in West Virginia",Quarterly,Index 2017=100
WVMNGCOENTPRQGSP,Chain-Type Quantity Index for Real GDP: Management of Companies and Enterprises (55) in West Virginia,Annual,Index 2017=100
WVMNGCOENTPRQQGSP,Chain-Type Quantity Index for Real GDP: Management of Companies and Enterprises (55) in West Virginia,Quarterly,Index 2017=100
WVNATRESMINQGSP,"Chain-Type Quantity Index for Real GDP: Natural Resources and Mining (11, 21) in West Virginia",Annual,Index 2017=100
WVNDURMANQGSP,"Chain-Type Quantity Index for Real GDP: Nondurable Goods Manufacturing (311-316, 322-326) in West Virginia",Annual,Index 2017=100
WVNDURMANQQGSP,"Chain-Type Quantity Index for Real GDP: Nondurable Goods Manufacturing (311-316, 322-326) in West Virginia",Quarterly,Index 2017=100
WVOBEN,State Unemployment Benefits in West Virginia,Quarterly,Thousands of Dollars
WVOTHSERVEQGSP,Chain-Type Quantity Index for Real GDP: Other Services (Except Government and Government Enterprises) (81) in West Virginia,Annual,Index 2017=100
WVOTHSERVEQQGSP,Chain-Type Quantity Index for Real GDP: Other Services (Except Government and Government Enterprises) (81) in West Virginia,Quarterly,Index 2017=100
WVPIQGSP,Chain-Type Quantity Index for Real GDP: Private Industries in West Virginia,Annual,Index 2017=100
WVPIQQGSP,Chain-Type Quantity Index for Real GDP: Private Industries in West Virginia,Quarterly,Index 2017=100
WVPRIGOODPROQGSP,Chain-Type Quantity Index for Real GDP: Private Goods-Producing Industries in West Virginia,Annual,Index 2017=100
WVPRISERVPROQGSP,Chain-Type Quantity Index for Real GDP: Private Services-Providing Industries in West Virginia,Annual,Index 2017=100
WVPROBUSQGSP,"Chain-Type Quantity Index for Real GDP: Professional and Business Services (54, 55, 56) in West Virginia",Annual,Index 2017=100
WVPROBUSQQGSP,"Chain-Type Quantity Index for Real GDP: Professional, Scientific, and Technical Services (54) in West Virginia",Quarterly,Index 2017=100
WVPROSCITCHQGSP,"Chain-Type Quantity Index for Real GDP: Professional, Scientific, and Technical Services (54) in West Virginia",Annual,Index 2017=100
WVQGSP,Chain-Type Quantity Index for Real GDP: All Industry Total in West Virginia,Annual,Index 2017=100
WVQQGSP,Chain-Type Quantity Index for Real GDP: All Industry Total in West Virginia,Quarterly,Index 2017=100
WVRERENTLEAQGSP,Chain-Type Quantity Index for Real GDP: Real Estate and Rental and Leasing (53) in West Virginia,Annual,Index 2017=100
WVRERENTLEAQQGSP,Chain-Type Quantity Index for Real GDP: Real Estate and Rental and Leasing (53) in West Virginia,Quarterly,Index 2017=100
WVRETAILQGSP,Chain-Type Quantity Index for Real GDP: Retail Trade (44-45) in West Virginia,Annual,Index 2017=100
WVRETAILQQGSP,Chain-Type Quantity Index for Real GDP: Retail Trade (44-45) in West Virginia,Quarterly,Index 2017=100
WVTRADEQGSP,"Chain-Type Quantity Index for Real GDP: Trade (42, 44-45) in West Virginia",Annual,Index 2017=100
WVTRANSUTILQGSP,"Chain-Type Quantity Index for Real GDP: Transportation and Utilities (22, 48-49) in West Virginia",Annual,Index 2017=100
WVTRANSWAREQGSP,Chain-Type Quantity Index for Real GDP: Transportation and Warehousing (48-49) in West Virginia,Annual,Index 2017=100
WVTRANSWAREQQGSP,Chain-Type Quantity Index for Real GDP: Transportation and Warehousing (48-49) in West Virginia,Quarterly,Index 2017=100
WVUR,Unemployment Rate in West Virginia,Monthly,Percent
WVURN,Unemployment Rate in West Virginia,Monthly,Percent
WVUTILQGSP,Chain-Type Quantity Index for Real GDP: Utilities (22) in West Virginia,Annual,Index 2017=100
WVUTILQQGSP,Chain-Type Quantity Index for Real GDP: Utilities (22) in West Virginia,Quarterly,Index 2017=100
WVWHOLEQGSP,Chain-Type Quantity Index for Real GDP: Wholesale Trade (42) in West Virginia,Annual,Index 2017=100
WVWHOLEQQGSP,Chain-Type Quantity Index for Real GDP: Wholesale Trade (42) in West Virginia,Quarterly,Index 2017=100
WYACCFDQGSP,Chain-Type Quantity Index for Real GDP: Accommodation and Food Services (72) in Wyoming,Annual,Index 2017=100
WYACCOMDQQGSP,Chain-Type Quantity Index for Real GDP: Accommodation and Food Services (72) in Wyoming,Quarterly,Index 2017=100
WYADMINWASTQGSP,Chain-Type Quantity Index for Real GDP: Administrative and Support and Waste Management and Remediation Services (56) in Wyoming,Annual,Index 2017=100
WYADMINWASTQQGSP,Chain-Type Quantity Index for Real GDP: Administrative and Support and Waste Management and Remediation Services (56) in Wyoming,Quarterly,Index 2017=100
WYARTENTRECQGSP,"Chain-Type Quantity Index for Real GDP: Arts, Entertainment, and Recreation (71) in Wyoming",Annual,Index 2017=100
WYARTENTRECQQGSP,"Chain-Type Quantity Index for Real GDP: Arts, Entertainment, and Recreation (71) in Wyoming",Quarterly,Index 2017=100
WYARTETRTACCFDQGSP,"Chain-Type Quantity Index for Real GDP: Arts, Entertainment, Recreation, Accommodation, and Food Services (71, 72) in Wyoming",Annual,Index 2017=100
WYCCLAIMS,Continued Claims (Insured Unemployment) in Wyoming,"Weekly, Ending Saturday",Number
WYCEMPLOY,Covered Employment in Wyoming,"Weekly, Ending Saturday",Number
WYCONSTQGSP,Chain-Type Quantity Index for Real GDP: Construction (23) in Wyoming,Annual,Index 2017=100
WYCONSTQQGSP,Chain-Type Quantity Index for Real GDP: Construction (23) in Wyoming,Quarterly,Index 2017=100
WYDURMANQGSP,"Chain-Type Quantity Index for Real GDP: Durable Goods Manufacturing (321, 327-339) in Wyoming",Annual,Index 2017=100
WYEDCATQGSP,Chain-Type Quantity Index for Real GDP: Educational Services (61) in Wyoming,Annual,Index 2017=100
WYEDCATQQGSP,Chain-Type Quantity Index for Real GDP: Educational Services (61) in Wyoming,Quarterly,Index 2017=100
WYEDHLTHSOCASSQGSP,"Chain-Type Quantity Index for Real GDP: Educational Services, Health Care, and Social Assistance (61, 62) in Wyoming",Annual,Index 2017=100
WYFININSQGSP,Chain-Type Quantity Index for Real GDP: Finance and Insurance (52) in Wyoming,Annual,Index 2017=100
WYFININSQQGSP,Chain-Type Quantity Index for Real GDP: Finance and Insurance (52) in Wyoming,Quarterly,Index 2017=100
WYFININSREALQGSP,"Chain-Type Quantity Index for Real GDP: Finance, Insurance, Real Estate, Rental, and Leasing (52, 53) in Wyoming",Annual,Index 2017=100
WYGOVFEDCIVQGSP,Chain-Type Quantity Index for Real GDP: Federal Civilian in Wyoming,Annual,Index 2017=100
WYGOVFEDMILQGSP,Chain-Type Quantity Index for Real GDP: Military in Wyoming,Annual,Index 2017=100
WYGOVQGSP,Chain-Type Quantity Index for Real GDP: Government and Government Enterprises (92) in Wyoming,Annual,Index 2017=100
WYGOVQQGSP,Chain-Type Quantity Index for Real GDP: Government and Government Enterprises (92) in Wyoming,Quarterly,Index 2017=100
WYGOVSLQGSP,Chain-Type Quantity Index for Real GDP: State and Local in Wyoming,Annual,Index 2017=100
WYHLTHSOCASSQGSP,Chain-Type Quantity Index for Real GDP: Health Care and Social Assistance (62) in Wyoming,Annual,Index 2017=100
WYHLTHSOCASSQQGSP,Chain-Type Quantity Index for Real GDP: Health Care and Social Assistance (62) in Wyoming,Quarterly,Index 2017=100
WYINFOQGSP,Chain-Type Quantity Index for Real GDP: Information (51) in Wyoming,Annual,Index 2017=100
WYINSUREDUR,Insured Unemployment Rate in Wyoming,"Weekly, Ending Saturday",Percent
WYMINQGSP,"Chain-Type Quantity Index for Real GDP: Mining, Quarrying, and Oil and Gas Extraction (21) in Wyoming",Annual,Index 2017=100
WYMINQQGSP,"Chain-Type Quantity Index for Real GDP: Mining, Quarrying, and Oil and Gas Extraction (21) in Wyoming",Quarterly,Index 2017=100
WYMNGCOENTPRQGSP,Chain-Type Quantity Index for Real GDP: Management of Companies and Enterprises (55) in Wyoming,Annual,Index 2017=100
WYMNGCOENTPRQQGSP,Chain-Type Quantity Index for Real GDP: Management of Companies and Enterprises (55) in Wyoming,Quarterly,Index 2017=100
WYOBEN,State Unemployment Benefits in Wyoming,Quarterly,Thousands of Dollars
WYOTHSERVEQGSP,Chain-Type Quantity Index for Real GDP: Other Services (Except Government and Government Enterprises) (81) in Wyoming,Annual,Index 2017=100
WYOTHSERVEQQGSP,Chain-Type Quantity Index for Real GDP: Other Services (Except Government and Government Enterprises) (81) in Wyoming,Quarterly,Index 2017=100
WYPIQGSP,Chain-Type Quantity Index for Real GDP: Private Industries in Wyoming,Annual,Index 2017=100
WYPIQQGSP,Chain-Type Quantity Index for Real GDP: Private Industries in Wyoming,Quarterly,Index 2017=100
WYPRIGOODPROQGSP,Chain-Type Quantity Index for Real GDP: Private Goods-Producing Industries in Wyoming,Annual,Index 2017=100
WYPRISERVPROQGSP,Chain-Type Quantity Index for Real GDP: Private Services-Providing Industries in Wyoming,Annual,Index 2017=100
WYPROBUSQGSP,"Chain-Type Quantity Index for Real GDP: Professional and Business Services (54, 55, 56) in Wyoming",Annual,Index 2017=100
WYPROBUSQQGSP,"Chain-Type Quantity Index for Real GDP: Professional, Scientific, and Technical Services (54) in Wyoming",Quarterly,Index 2017=100
WYPROSCITCHQGSP,"Chain-Type Quantity Index for Real GDP: Professional, Scientific, and Technical Services (54) in Wyoming",Annual,Index 2017=100
WYQGSP,Chain-Type Quantity Index for Real GDP: All Industry Total in Wyoming,Annual,Index 2017=100
WYQQGSP,Chain-Type Quantity Index for Real GDP: All Industry Total in Wyoming,Quarterly,Index 2017=100
WYRERENTLEAQGSP,Chain-Type Quantity Index for Real GDP: Real Estate and Rental and Leasing (53) in Wyoming,Annual,Index 2017=100
WYRERENTLEAQQGSP,Chain-Type Quantity Index for Real GDP: Real Estate and Rental and Leasing (53) in Wyoming,Quarterly,Index 2017=100
WYRETAILQGSP,Chain-Type Quantity Index for Real GDP: Retail Trade (44-45) in Wyoming,Annual,Index 2017=100
WYRETAILQQGSP,Chain-Type Quantity Index for Real GDP: Retail Trade (44-45) in Wyoming,Quarterly,Index 2017=100
WYTRADEQGSP,"Chain-Type Quantity Index for Real GDP: Trade (42, 44-45) in Wyoming",Annual,Index 2017=100
WYTRANSUTILQGSP,"Chain-Type Quantity Index for Real GDP: Transportation and Utilities (22, 48-49) in Wyoming",Annual,Index 2017=100
WYTRANSWAREQGSP,Chain-Type Quantity Index for Real GDP: Transportation and Warehousing (48-49) in Wyoming,Annual,Index 2017=100
WYTRANSWAREQQGSP,Chain-Type Quantity Index for Real GDP: Transportation and Warehousing (48-49) in Wyoming,Quarterly,Index 2017=100
WYUR,Unemployment Rate in Wyoming,Monthly,Percent
WYURN,Unemployment Rate in Wyoming,Monthly,Percent
WYUTILQGSP,Chain-Type Quantity Index for Real GDP: Utilities (22) in Wyoming,Annual,Index 2017=100
WYUTILQQGSP,Chain-Type Quantity Index for Real GDP: Utilities (22) in Wyoming,Quarterly,Index 2017=100
WYWHOLEQGSP,Chain-Type Quantity Index for Real GDP: Wholesale Trade (42) in Wyoming,Annual,Index 2017=100
WYWHOLEQQGSP,Chain-Type Quantity Index for Real GDP: Wholesale Trade (42) in Wyoming,Quarterly,Index 2017=100
ZAFBREMFT02STSAQ,"Business Tendency Surveys: Employment: Economic Activity: Retail Trade, Except of Motor Vehicles and Motorcycles: Future Tendency for South Africa",Quarterly,Percentage balance
ZAFBSEMFT02STSAQ,Business Tendency Surveys: Employment: Economic Activity: Manufacturing: Future Tendency for South Africa,Quarterly,Percentage balance
ZAFCP010000GYM,"Consumer Price Indices (CPIs, HICPs), COICOP 1999: Consumer Price Index: Food and Non-Alcoholic Beverages for South Africa",Monthly,Growth rate same period previous year
ZAFCP010000GYQ,"Consumer Price Indices (CPIs, HICPs), COICOP 1999: Consumer Price Index: Food and Non-Alcoholic Beverages for South Africa",Quarterly,Growth rate same period previous year
ZAFCP010000IXOBM,"Consumer Price Indices (CPIs, HICPs), COICOP 1999: Consumer Price Index: Food and Non-Alcoholic Beverages for South Africa",Monthly,Index 2015=100
ZAFCP010000IXOBQ,"Consumer Price Indices (CPIs, HICPs), COICOP 1999: Consumer Price Index: Food and Non-Alcoholic Beverages for South Africa",Quarterly,Index 2015=100
ZAFCP020000GYM,"Consumer Price Indices (CPIs, HICPs), COICOP 1999: Consumer Price Index: Alcoholic Beverages, Tobacco and Narcotics for South Africa",Monthly,Growth rate same period previous year
ZAFCP020000GYQ,"Consumer Price Indices (CPIs, HICPs), COICOP 1999: Consumer Price Index: Alcoholic Beverages, Tobacco and Narcotics for South Africa",Quarterly,Growth rate same period previous year
ZAFCP020000IXOBM,"Consumer Price Indices (CPIs, HICPs), COICOP 1999: Consumer Price Index: Alcoholic Beverages, Tobacco and Narcotics for South Africa",Monthly,Index 2015=100
ZAFCP020000IXOBQ,"Consumer Price Indices (CPIs, HICPs), COICOP 1999: Consumer Price Index: Alcoholic Beverages, Tobacco and Narcotics for South Africa",Quarterly,Index 2015=100
ZAFCP030000GYM,"Consumer Price Indices (CPIs, HICPs), COICOP 1999: Consumer Price Index: Clothing and Footwear for South Africa",Monthly,Growth rate same period previous year
ZAFCP030000GYQ,"Consumer Price Indices (CPIs, HICPs), COICOP 1999: Consumer Price Index: Clothing and Footwear for South Africa",Quarterly,Growth rate same period previous year
ZAFCP030000IXOBM,"Consumer Price Indices (CPIs, HICPs), COICOP 1999: Consumer Price Index: Clothing and Footwear for South Africa",Monthly,Index 2015=100
ZAFCP030000IXOBQ,"Consumer Price Indices (CPIs, HICPs), COICOP 1999: Consumer Price Index: Clothing and Footwear for South Africa",Quarterly,Index 2015=100
ZAFCP040000GYM,"Consumer Price Indices (CPIs, HICPs), COICOP 1999: Consumer Price Index: Housing, Water, Electricity, Gas and Other Fuels for South Africa",Monthly,Growth rate same period previous year
ZAFCP040000GYQ,"Consumer Price Indices (CPIs, HICPs), COICOP 1999: Consumer Price Index: Housing, Water, Electricity, Gas and Other Fuels for South Africa",Quarterly,Growth rate same period previous year
ZAFCP040000IXOBM,"Consumer Price Indices (CPIs, HICPs), COICOP 1999: Consumer Price Index: Housing, Water, Electricity, Gas and Other Fuels for South Africa",Monthly,Index 2015=100
ZAFCP040000IXOBQ,"Consumer Price Indices (CPIs, HICPs), COICOP 1999: Consumer Price Index: Housing, Water, Electricity, Gas and Other Fuels for South Africa",Quarterly,Index 2015=100
ZAFCP040100GYM,"Consumer Price Indices (CPIs, HICPs), COICOP 1999: Consumer Price Index: Actual Rentals for Housing for South Africa",Monthly,Growth rate same period previous year
ZAFCP040100GYQ,"Consumer Price Indices (CPIs, HICPs), COICOP 1999: Consumer Price Index: Actual Rentals for Housing for South Africa",Quarterly,Growth rate same period previous year
ZAFCP040100IXOBM,"Consumer Price Indices (CPIs, HICPs), COICOP 1999: Consumer Price Index: Actual Rentals for Housing for South Africa",Monthly,Index 2015=100
ZAFCP040100IXOBQ,"Consumer Price Indices (CPIs, HICPs), COICOP 1999: Consumer Price Index: Actual Rentals for Housing for South Africa",Quarterly,Index 2015=100
ZAFCP040200GYM,"Consumer Price Indices (CPIs, HICPs), COICOP 1999: Consumer Price Index: Imputed Rentals for Housing for South Africa",Monthly,Growth rate same period previous year
ZAFCP040200GYQ,"Consumer Price Indices (CPIs, HICPs), COICOP 1999: Consumer Price Index: Imputed Rentals for Housing for South Africa",Quarterly,Growth rate same period previous year
ZAFCP040200IXOBM,"Consumer Price Indices (CPIs, HICPs), COICOP 1999: Consumer Price Index: Imputed Rentals for Housing for South Africa",Monthly,Index 2015=100
ZAFCP040200IXOBQ,"Consumer Price Indices (CPIs, HICPs), COICOP 1999: Consumer Price Index: Imputed Rentals for Housing for South Africa",Quarterly,Index 2015=100
ZAFCP040300GYM,"Consumer Price Indices (CPIs, HICPs), COICOP 1999: Consumer Price Index: Maintenance and Repair of the Dwelling for South Africa",Monthly,Growth rate same period previous year
ZAFCP040300GYQ,"Consumer Price Indices (CPIs, HICPs), COICOP 1999: Consumer Price Index: Maintenance and Repair of the Dwelling for South Africa",Quarterly,Growth rate same period previous year
ZAFCP040300IXOBM,"Consumer Price Indices (CPIs, HICPs), COICOP 1999: Consumer Price Index: Maintenance and Repair of the Dwelling for South Africa",Monthly,Index 2015=100
ZAFCP040300IXOBQ,"Consumer Price Indices (CPIs, HICPs), COICOP 1999: Consumer Price Index: Maintenance and Repair of the Dwelling for South Africa",Quarterly,Index 2015=100
ZAFCP040400GYM,"Consumer Price Indices (CPIs, HICPs), COICOP 1999: Consumer Price Index: Water Supply and Miscellaneous Services Relating to the Dwelling for South Africa",Monthly,Growth rate same period previous year
ZAFCP040400GYQ,"Consumer Price Indices (CPIs, HICPs), COICOP 1999: Consumer Price Index: Water Supply and Miscellaneous Services Relating to the Dwelling for South Africa",Quarterly,Growth rate same period previous year
ZAFCP040400IXOBM,"Consumer Price Indices (CPIs, HICPs), COICOP 1999: Consumer Price Index: Water Supply and Miscellaneous Services Relating to the Dwelling for South Africa",Monthly,Index 2015=100
ZAFCP040400IXOBQ,"Consumer Price Indices (CPIs, HICPs), COICOP 1999: Consumer Price Index: Water Supply and Miscellaneous Services Relating to the Dwelling for South Africa",Quarterly,Index 2015=100
ZAFCP040500GYM,"Consumer Price Indices (CPIs, HICPs), COICOP 1999: Consumer Price Index: Electricity, Gas and Other Fuels for South Africa",Monthly,Growth rate same period previous year
ZAFCP040500GYQ,"Consumer Price Indices (CPIs, HICPs), COICOP 1999: Consumer Price Index: Electricity, Gas and Other Fuels for South Africa",Quarterly,Growth rate same period previous year
ZAFCP040500IXOBM,"Consumer Price Indices (CPIs, HICPs), COICOP 1999: Consumer Price Index: Electricity, Gas and Other Fuels for South Africa",Monthly,Index 2015=100
ZAFCP040500IXOBQ,"Consumer Price Indices (CPIs, HICPs), COICOP 1999: Consumer Price Index: Electricity, Gas and Other Fuels for South Africa",Quarterly,Index 2015=100
ZAFCP050000GYM,"Consumer Price Indices (CPIs, HICPs), COICOP 1999: Consumer Price Index: Furnishings, Household Equipment and Routine Household Maintenance for South Africa",Monthly,Growth rate same period previous year
ZAFCP050000GYQ,"Consumer Price Indices (CPIs, HICPs), COICOP 1999: Consumer Price Index: Furnishings, Household Equipment and Routine Household Maintenance for South Africa",Quarterly,Growth rate same period previous year
ZAFCP050000IXOBM,"Consumer Price Indices (CPIs, HICPs), COICOP 1999: Consumer Price Index: Furnishings, Household Equipment and Routine Household Maintenance for South Africa",Monthly,Index 2015=100
ZAFCP050000IXOBQ,"Consumer Price Indices (CPIs, HICPs), COICOP 1999: Consumer Price Index: Furnishings, Household Equipment and Routine Household Maintenance for South Africa",Quarterly,Index 2015=100
ZAFCP060000GYM,"Consumer Price Indices (CPIs, HICPs), COICOP 1999: Consumer Price Index: Health for South Africa",Monthly,Growth rate same period previous year
ZAFCP060000GYQ,"Consumer Price Indices (CPIs, HICPs), COICOP 1999: Consumer Price Index: Health for South Africa",Quarterly,Growth rate same period previous year
ZAFCP060000IXOBM,"Consumer Price Indices (CPIs, HICPs), COICOP 1999: Consumer Price Index: Health for South Africa",Monthly,Index 2015=100
ZAFCP060000IXOBQ,"Consumer Price Indices (CPIs, HICPs), COICOP 1999: Consumer Price Index: Health for South Africa",Quarterly,Index 2015=100
ZAFCP070000GYM,"Consumer Price Indices (CPIs, HICPs), COICOP 1999: Consumer Price Index: Transport for South Africa",Monthly,Growth rate same period previous year
ZAFCP070000GYQ,"Consumer Price Indices (CPIs, HICPs), COICOP 1999: Consumer Price Index: Transport for South Africa",Quarterly,Growth rate same period previous year
ZAFCP070000IXOBM,"Consumer Price Indices (CPIs, HICPs), COICOP 1999: Consumer Price Index: Transport for South Africa",Monthly,Index 2015=100
ZAFCP070000IXOBQ,"Consumer Price Indices (CPIs, HICPs), COICOP 1999: Consumer Price Index: Transport for South Africa",Quarterly,Index 2015=100
ZAFCP070200GYM,"Consumer Price Indices (CPIs, HICPs), COICOP 1999: Consumer Price Index: Fuels and Lubricants for Personal Transport Equipment for South Africa",Monthly,Growth rate same period previous year
ZAFCP070200GYQ,"Consumer Price Indices (CPIs, HICPs), COICOP 1999: Consumer Price Index: Fuels and Lubricants for Personal Transport Equipment for South Africa",Quarterly,Growth rate same period previous year
ZAFCP070200IXOBM,"Consumer Price Indices (CPIs, HICPs), COICOP 1999: Consumer Price Index: Fuels and Lubricants for Personal Transport Equipment for South Africa",Monthly,Index 2015=100
ZAFCP070200IXOBQ,"Consumer Price Indices (CPIs, HICPs), COICOP 1999: Consumer Price Index: Fuels and Lubricants for Personal Transport Equipment for South Africa",Quarterly,Index 2015=100
ZAFCP080000GYM,"Consumer Price Indices (CPIs, HICPs), COICOP 1999: Consumer Price Index: Communication for South Africa",Monthly,Growth rate same period previous year
ZAFCP080000GYQ,"Consumer Price Indices (CPIs, HICPs), COICOP 1999: Consumer Price Index: Communication for South Africa",Quarterly,Growth rate same period previous year
ZAFCP080000IXOBM,"Consumer Price Indices (CPIs, HICPs), COICOP 1999: Consumer Price Index: Communication for South Africa",Monthly,Index 2015=100
ZAFCP080000IXOBQ,"Consumer Price Indices (CPIs, HICPs), COICOP 1999: Consumer Price Index: Communication for South Africa",Quarterly,Index 2015=100
ZAFCP090000GYM,"Consumer Price Indices (CPIs, HICPs), COICOP 1999: Consumer Price Index: Recreation and Culture for South Africa",Monthly,Growth rate same period previous year
ZAFCP090000GYQ,"Consumer Price Indices (CPIs, HICPs), COICOP 1999: Consumer Price Index: Recreation and Culture for South Africa",Quarterly,Growth rate same period previous year
ZAFCP090000IXOBM,"Consumer Price Indices (CPIs, HICPs), COICOP 1999: Consumer Price Index: Recreation and Culture for South Africa",Monthly,Index 2015=100
ZAFCP090000IXOBQ,"Consumer Price Indices (CPIs, HICPs), COICOP 1999: Consumer Price Index: Recreation and Culture for South Africa",Quarterly,Index 2015=100
ZAFCP100000GYM,"Consumer Price Indices (CPIs, HICPs), COICOP 1999: Consumer Price Index: Education for South Africa",Monthly,Growth rate same period previous year
ZAFCP100000GYQ,"Consumer Price Indices (CPIs, HICPs), COICOP 1999: Consumer Price Index: Education for South Africa",Quarterly,Growth rate same period previous year
ZAFCP100000IXOBM,"Consumer Price Indices (CPIs, HICPs), COICOP 1999: Consumer Price Index: Education for South Africa",Monthly,Index 2015=100
ZAFCP100000IXOBQ,"Consumer Price Indices (CPIs, HICPs), COICOP 1999: Consumer Price Index: Education for South Africa",Quarterly,Index 2015=100
ZAFCP110000GYM,"Consumer Price Indices (CPIs, HICPs), COICOP 1999: Consumer Price Index: Restaurants and Hotels for South Africa",Monthly,Growth rate same period previous year
ZAFCP110000GYQ,"Consumer Price Indices (CPIs, HICPs), COICOP 1999: Consumer Price Index: Restaurants and Hotels for South Africa",Quarterly,Growth rate same period previous year
ZAFCP110000IXOBM,"Consumer Price Indices (CPIs, HICPs), COICOP 1999: Consumer Price Index: Restaurants and Hotels for South Africa",Monthly,Index 2015=100
ZAFCP110000IXOBQ,"Consumer Price Indices (CPIs, HICPs), COICOP 1999: Consumer Price Index: Restaurants and Hotels for South Africa",Quarterly,Index 2015=100
ZAFCP120000GYM,"Consumer Price Indices (CPIs, HICPs), COICOP 1999: Consumer Price Index: Miscellaneous Goods and Services for South Africa",Monthly,Growth rate same period previous year
ZAFCP120000GYQ,"Consumer Price Indices (CPIs, HICPs), COICOP 1999: Consumer Price Index: Miscellaneous Goods and Services for South Africa",Quarterly,Growth rate same period previous year
ZAFCP120000IXOBM,"Consumer Price Indices (CPIs, HICPs), COICOP 1999: Consumer Price Index: Miscellaneous Goods and Services for South Africa",Monthly,Index 2015=100
ZAFCP120000IXOBQ,"Consumer Price Indices (CPIs, HICPs), COICOP 1999: Consumer Price Index: Miscellaneous Goods and Services for South Africa",Quarterly,Index 2015=100
ZAFCPIALLAINMEI,"Consumer Price Indices (CPIs, HICPs), COICOP 1999: Consumer Price Index: Total for South Africa",Annual,Index 2015=100
ZAFCPIALLMINMEI,"Consumer Price Indices (CPIs, HICPs), COICOP 1999: Consumer Price Index: Total for South Africa",Monthly,Index 2015=100
ZAFCPIALLQINMEI,"Consumer Price Indices (CPIs, HICPs), COICOP 1999: Consumer Price Index: Total for South Africa",Quarterly,Index 2015=100
ZAFCPICORAINMEI,"Consumer Price Indices (CPIs, HICPs), COICOP 1999: Consumer Price Index: All Items Non-Food Non-Energy for South Africa",Annual,Index 2015=100
ZAFCPICORMINMEI,"Consumer Price Indices (CPIs, HICPs), COICOP 1999: Consumer Price Index: All Items Non-Food Non-Energy for South Africa",Monthly,Index 2015=100
ZAFCPICORQINMEI,"Consumer Price Indices (CPIs, HICPs), COICOP 1999: Consumer Price Index: All Items Non-Food Non-Energy for South Africa",Quarterly,Index 2015=100
ZAFCPIENGAINMEI,"Consumer Price Indices (CPIs, HICPs), COICOP 1999: Consumer Price Index: Energy for South Africa",Annual,Index 2015=100
ZAFCPIENGMINMEI,"Consumer Price Indices (CPIs, HICPs), COICOP 1999: Consumer Price Index: Energy for South Africa",Monthly,Index 2015=100
ZAFCPIENGQINMEI,"Consumer Price Indices (CPIs, HICPs), COICOP 1999: Consumer Price Index: Energy for South Africa",Quarterly,Index 2015=100
ZAFENEERIX,Nominal Effective Exchange Rate as Based on Consumer Price Index for South Africa,Annual,Index
ZAFEREERIX,Real Effective Exchange Rate as Based on Consumer Price Index for South Africa,Annual,Index
ZAFGDPRAPSMEI,National Accounts: GDP by Expenditure: Constant Prices: Gross Domestic Product: Total for South Africa,Annual,Growth rate same period previous year
ZAFGDPRQPSMEI,National Accounts: GDP by Expenditure: Constant Prices: Gross Domestic Product: Total for South Africa,Quarterly,Growth rate same period previous year
ZAFNGDPRPCPCPPPT,Real GDP Per Capita for South Africa,Annual,Percent Change From Preceding Period
ZAFNGDPXORPCPPPT,Real Non-Oil GDP for South Africa,Annual,Percent Change From Preceding Period
ZAFPCPIEOPPCPPPT,Consumer Prices at End of Period for South Africa,Annual,Percent Change From Preceding Period
ZAFPCPIPCPPPT,Consumer Prices: All Items for South Africa,Annual,Percent Change From Preceding Period
ZMBENEERIX,Nominal Effective Exchange Rate as Based on Consumer Price Index for Zambia,Annual,Index
ZMBEREERIX,Real Effective Exchange Rate as Based on Consumer Price Index for Zambia,Annual,Index
ZMBNGDPRPCPCPPPT,Real GDP Per Capita for Zambia,Annual,Percent Change From Preceding Period
ZMBNGDPXORPCPPPT,Real Non-Oil GDP for Zambia,Annual,Percent Change From Preceding Period
ZMBPCPIEOPPCPPPT,Consumer Prices at End of Period for Zambia,Annual,Percent Change From Preceding Period
ZMBPCPIPCPPPT,Consumer Prices: All Items for Zambia,Annual,Percent Change From Preceding Period
ZWENGDPRPCPCPPPT,Real GDP Per Capita for Zimbabwe,Annual,Percent Change From Preceding Period
ZWEPCPIEOPPCPPPT,Consumer Prices at End of Period for Zimbabwe,Annual,Percent Change From Preceding Period
ZWEPCPIPCPPPT,Consumer Prices: All Items for Zimbabwe,Annual,Percent Change From Preceding Period
